sqft,bedrooms,bathrooms,lot_size,year_built,garage_spaces,dist_to_center_km,quality_score,renovated,neighborhood,price
2123.0,6,4,2745.0,1953,1,14.86,5.4,1,Oakwood,380572.0
1710.0,3,2,4436.0,1959,1,2.12,8.5,0,Hillcrest,366041.0
2221.0,4,4,3399.0,1951,2,17.95,6.4,0,Riverside,345523.0
2790.0,4,3,5518.0,2016,2,0.99,6.2,0,Maple Grove,523223.0
1648.0,2,2,4931.0,1959,1,0.51,6.3,0,Maple Grove,281735.0
1648.0,2,1,9379.0,1981,1,3.39,6.4,0,Hillcrest,316195.0
2826.0,6,4,3584.0,1983,2,10.57,5.7,0,Oakwood,459485.0
2299.0,5,4,8420.0,1950,3,3.85,6.8,0,Maple Grove,452403.0
1495.0,2,1,4473.0,2001,2,10.61,6.3,1,Maple Grove,295128.0
2153.0,5,4,1553.0,1963,1,7.85,6.2,0,Downtown,453652.0
1499.0,3,2,4019.0,2007,1,1.41,7.3,0,Hillcrest,354894.0
1497.0,3,2,2761.0,1975,1,17.84,6.6,1,Downtown,315147.0
1957.0,5,4,8611.0,2019,1,0.38,5.6,1,Downtown,539369.0
556.0,2,2,5243.0,1954,2,13.71,5.3,0,Oakwood,89912.0
679.0,1,1,8759.0,2011,2,2.18,6.7,1,Downtown,244612.0
1435.0,2,2,5442.0,2006,2,4.16,5.3,0,Riverside,290157.0
1142.0,1,1,3569.0,1947,2,3.29,5.2,0,Oakwood,162044.0
2004.0,3,2,1816.0,1962,1,1.13,5.2,0,Hillcrest,384247.0
1210.0,2,2,5813.0,1969,1,2.66,6.9,0,Maple Grove,238200.0
882.0,1,1,4567.0,1964,2,1.29,8.4,1,Maple Grove,249705.0
2753.0,5,3,7722.0,2002,1,1.37,7.1,0,Downtown,625473.0
1653.0,3,2,3921.0,1994,1,1.24,7.9,0,Downtown,403404.0
1844.0,4,2,6541.0,1954,1,4.03,6.4,0,Riverside,338807.0
874.0,1,1,5329.0,1965,1,9.59,6.7,0,Hillcrest,185073.0
1446.0,3,3,3401.0,1973,0,5.05,9.1,0,Riverside,309474.0
1872.0,4,3,4088.0,1954,2,13.42,7.8,0,Oakwood,332602.0
1052.0,1,1,2463.0,1957,3,6.07,8.0,0,Hillcrest,266427.0
2044.0,5,4,12302.0,1991,1,7.01,6.1,1,Oakwood,353589.0
1410.0,3,1,6471.0,1967,0,6.61,6.5,0,Riverside,283764.0
1610.0,3,2,2368.0,1994,2,3.58,7.1,0,Maple Grove,329780.0
1409.0,3,3,11993.0,1948,1,7.01,5.5,0,Oakwood,241043.0
3004.0,6,4,2892.0,2011,1,0.43,2.7,0,Riverside,493787.0
1791.0,4,3,3885.0,1997,0,11.79,7.1,1,Riverside,355889.0
1112.0,2,2,4741.0,1946,1,9.03,,1,Oakwood,207931.0
2335.0,4,3,5396.0,2012,2,1.69,6.6,0,Riverside,469213.0
1006.0,2,2,7621.0,2009,2,8.77,5.5,0,Hillcrest,252031.0
1936.0,3,2,1564.0,2001,1,0.2,6.0,0,Oakwood,364010.0
526.0,1,1,5439.0,2014,1,1.47,3.3,0,Maple Grove,96023.0
937.0,2,1,4614.0,1951,1,0.4,6.0,0,Riverside,241856.0
1928.0,4,3,5866.0,1963,0,9.09,4.7,1,Downtown,427454.0
2280.0,4,3,4496.0,1988,3,8.46,5.4,1,Hillcrest,484038.0
1911.0,2,1,4185.0,2007,2,10.08,4.6,0,Hillcrest,398421.0
1725.0,3,2,5026.0,2009,2,0.2,4.5,1,Downtown,424792.0
1604.0,3,2,11668.0,1983,2,4.17,4.9,1,Maple Grove,331538.0
839.0,2,1,4228.0,1970,2,7.32,7.5,1,Oakwood,188996.0
1332.0,2,1,9299.0,1988,2,1.01,5.7,1,Downtown,362192.0
1501.0,4,3,5741.0,1956,0,6.3,4.7,0,Maple Grove,282512.0
2487.0,4,3,5606.0,1966,1,0.53,7.7,0,Riverside,493820.0
2023.0,5,4,5894.0,2021,2,1.2,6.7,1,Riverside,410943.0
654.0,2,1,,1958,1,3.88,2.7,1,Oakwood,108879.0
2011.0,4,3,4402.0,1974,3,6.36,8.1,1,Hillcrest,481350.0
1550.0,5,4,8987.0,1988,2,0.95,6.6,0,Oakwood,327664.0
1360.0,2,2,6833.0,1982,3,1.23,7.7,0,Riverside,304862.0
2198.0,5,3,2589.0,2003,1,1.37,6.1,0,Oakwood,395891.0
2470.0,6,5,1298.0,1986,3,1.64,9.1,0,Downtown,590039.0
2405.0,4,3,11492.0,1996,1,1.54,5.9,0,Oakwood,429690.0
1255.0,4,3,5989.0,2007,3,3.02,2.3,0,Oakwood,238382.0
1599.0,3,1,2409.0,2005,1,6.36,5.1,0,Downtown,347299.0
2015.0,4,3,4225.0,1978,2,3.46,7.3,0,Maple Grove,374799.0
2434.0,5,5,8289.0,1983,2,8.98,6.8,0,Hillcrest,513165.0
1489.0,3,2,4873.0,1985,2,7.62,6.3,0,Hillcrest,312214.0
1679.0,4,3,5103.0,1981,2,0.81,4.9,0,Oakwood,294349.0
1081.0,3,2,7542.0,2009,3,0.3,6.5,0,Oakwood,284614.0
1022.0,1,1,6277.0,1976,2,12.62,6.5,1,Oakwood,152355.0
2328.0,6,5,7080.0,1952,2,0.5,6.5,0,Maple Grove,402773.0
2682.0,4,2,7503.0,1962,0,0.96,7.4,0,Oakwood,453602.0
1753.0,4,3,3624.0,1989,2,0.2,6.8,1,Maple Grove,336169.0
2452.0,6,5,3810.0,1977,2,5.94,6.1,0,Maple Grove,398719.0
2035.0,3,2,3389.0,1949,2,5.24,,0,Riverside,369166.0
1381.0,2,2,3924.0,2018,0,26.01,8.7,0,Riverside,273382.0
2035.0,3,3,5001.0,1980,2,13.08,9.7,1,Riverside,381852.0
2800.0,5,4,5190.0,1967,0,3.17,9.3,0,Oakwood,441437.0
1777.0,3,2,10210.0,1984,0,2.79,7.6,1,Riverside,342393.0
2817.0,6,5,6127.0,1949,2,2.11,3.8,1,Maple Grove,472005.0
450.0,2,1,5052.0,1978,1,0.99,3.6,0,Riverside,150944.0
2334.0,6,5,2991.0,1968,1,0.89,5.6,0,Oakwood,394510.0
1857.0,3,2,4545.0,1961,2,0.85,6.4,0,Riverside,372623.0
1606.0,3,2,11918.0,2015,0,0.73,6.3,0,Maple Grove,336107.0
1860.0,2,2,11826.0,1966,1,1.65,6.8,0,Hillcrest,420329.0
508.0,1,1,4516.0,1959,1,2.2,4.3,1,Maple Grove,103220.0
1657.0,4,2,1961.0,1959,2,19.55,9.1,0,Maple Grove,287344.0
2032.0,5,4,4205.0,1969,2,5.18,8.9,0,Downtown,495038.0
2761.0,5,4,10264.0,1997,2,26.34,4.4,1,Oakwood,424153.0
1463.0,2,2,5019.0,1965,1,2.8,3.5,0,Riverside,280451.0
1274.0,3,3,7546.0,2010,0,3.67,,0,Oakwood,301002.0
1474.0,3,2,5319.0,1976,0,2.35,,0,Hillcrest,332679.0
2395.0,4,4,2297.0,1965,2,1.21,6.4,0,Riverside,453657.0
2014.0,4,3,5417.0,2012,3,0.93,6.9,0,Riverside,439824.0
1456.0,3,3,8040.0,1988,1,17.41,5.8,1,Downtown,340874.0
2134.0,4,3,3894.0,2010,1,25.97,6.7,0,Hillcrest,426182.0
1863.0,4,3,7937.0,1958,0,0.28,8.0,0,Hillcrest,410152.0
2430.0,5,4,5591.0,1959,2,0.98,7.2,0,Oakwood,415960.0
1344.0,2,2,7730.0,1964,2,3.3,7.4,0,Maple Grove,299866.0
1587.0,3,3,6322.0,1978,2,1.24,3.8,0,Downtown,367543.0
1545.0,3,3,3102.0,1980,3,2.71,9.9,0,Riverside,369958.0
849.0,1,1,4570.0,1953,2,0.83,3.9,1,Hillcrest,190634.0
1992.0,4,3,4493.0,2015,1,3.66,6.8,0,Maple Grove,399146.0
1970.0,5,4,3795.0,1974,1,1.9,6.3,1,Riverside,384133.0
1803.0,4,3,6074.0,2021,2,2.6,6.3,0,Oakwood,332018.0
1648.0,3,2,12963.0,2007,2,0.59,7.9,1,Downtown,396845.0
880.0,2,2,8993.0,1979,2,3.35,5.4,0,Riverside,187286.0
1527.0,3,3,9581.0,1957,2,24.54,5.8,0,Maple Grove,255049.0
1577.0,4,3,3672.0,1990,2,2.39,4.7,0,Oakwood,284380.0
1279.0,3,2,9659.0,2000,3,12.55,8.3,1,Hillcrest,306520.0
1695.0,3,2,11217.0,1953,2,11.12,6.9,1,Hillcrest,389662.0
2063.0,4,3,3606.0,1980,2,18.23,7.5,0,Downtown,439495.0
3026.0,5,3,6674.0,1947,1,9.37,7.8,0,Riverside,561887.0
1913.0,3,3,6762.0,1963,2,6.47,9.7,0,Oakwood,373101.0
1967.0,3,2,,1972,3,11.65,9.4,1,Riverside,400861.0
1752.0,4,3,5832.0,1967,1,0.47,7.0,1,Oakwood,375871.0
553.0,2,1,6927.0,1951,2,3.73,6.8,1,Oakwood,136721.0
1783.0,5,3,4908.0,2020,2,27.2,5.6,1,Maple Grove,279053.0
1839.0,4,3,8784.0,1958,0,8.81,,1,Oakwood,362909.0
3401.0,7,4,2598.0,1990,2,19.63,7.6,0,Hillcrest,652785.0
1675.0,2,2,4483.0,1959,1,9.07,5.3,1,Oakwood,300307.0
1996.0,4,3,7620.0,2011,3,12.47,,0,Hillcrest,453497.0
1777.0,3,4,12294.0,1959,2,7.36,8.1,1,Maple Grove,397647.0
1040.0,2,3,9055.0,1995,0,8.58,4.7,0,Oakwood,175372.0
2543.0,5,4,5772.0,1952,1,4.44,6.8,0,Maple Grove,438600.0
2289.0,4,3,5030.0,2013,2,15.48,6.4,0,Hillcrest,445312.0
2314.0,3,3,4616.0,2006,1,10.46,6.5,0,Maple Grove,391998.0
1209.0,3,3,4630.0,1995,0,11.14,5.0,0,Hillcrest,213177.0
2712.0,5,3,1809.0,2007,2,6.71,3.6,0,Oakwood,425249.0
889.0,2,1,12047.0,2012,1,2.18,5.3,0,Oakwood,206408.0
2181.0,6,4,5225.0,2022,0,0.22,5.1,0,Riverside,416709.0
3224.0,6,5,3484.0,1960,2,16.46,7.1,0,Downtown,637554.0
1156.0,1,1,6622.0,1968,3,5.29,7.1,0,Maple Grove,226447.0
1432.0,3,3,3635.0,1950,2,2.12,7.0,1,Hillcrest,357734.0
1865.0,5,3,8377.0,2001,2,0.97,4.3,1,Oakwood,323904.0
1473.0,5,3,3544.0,1975,1,10.61,,0,Maple Grove,307225.0
792.0,1,1,7791.0,1950,1,10.87,5.5,1,Hillcrest,139960.0
1845.0,4,3,4581.0,1973,1,10.11,6.5,0,Oakwood,294597.0
1110.0,2,1,6192.0,2011,2,6.22,6.0,0,Riverside,260494.0
2108.0,4,3,8082.0,2019,3,2.73,7.0,0,Riverside,457654.0
1202.0,5,4,4044.0,1947,2,2.18,8.1,0,Maple Grove,294061.0
2807.0,4,3,7986.0,1972,3,0.2,4.9,0,Maple Grove,466540.0
1291.0,3,2,1859.0,2018,2,10.76,5.0,1,Oakwood,227526.0
1591.0,4,3,10795.0,1992,1,0.55,6.7,0,Oakwood,293178.0
2329.0,6,4,8661.0,1954,2,5.98,,0,Hillcrest,473504.0
1000.0,2,1,5132.0,1977,0,4.21,7.7,1,Maple Grove,229053.0
1948.0,4,3,9419.0,2011,0,4.49,6.5,0,Hillcrest,402768.0
2650.0,5,4,8942.0,2013,2,15.68,9.3,0,Downtown,567376.0
755.0,2,2,,1956,2,0.2,4.0,0,Oakwood,173649.0
1920.0,4,3,5344.0,2001,2,8.91,7.8,0,Downtown,454156.0
1969.0,4,3,3253.0,1988,2,0.32,6.8,0,Oakwood,375918.0
2308.0,4,3,5521.0,1957,1,0.23,4.3,0,Maple Grove,379692.0
996.0,2,1,2252.0,1968,2,3.37,3.2,0,Oakwood,171528.0
942.0,2,2,7744.0,1988,2,0.39,4.7,0,Maple Grove,254536.0
2139.0,5,4,7826.0,2001,1,9.34,8.4,0,Oakwood,364709.0
1993.0,4,2,1877.0,1960,2,4.52,8.3,0,Maple Grove,348805.0
1963.0,3,2,10290.0,1965,2,0.2,6.3,0,Oakwood,322845.0
2025.0,5,4,3856.0,2020,2,0.25,5.9,1,Oakwood,440982.0
1358.0,2,2,18254.0,1995,3,5.69,5.1,0,Downtown,338974.0
1951.0,3,2,6032.0,1965,3,9.84,6.2,0,Riverside,369763.0
1990.0,4,3,10339.0,2004,3,3.46,5.7,0,Maple Grove,323599.0
1336.0,4,2,3195.0,1995,1,4.85,9.2,0,Downtown,373519.0
3013.0,4,3,4575.0,1965,0,9.65,4.5,0,Downtown,567131.0
2108.0,7,5,4033.0,1950,1,5.66,7.1,0,Maple Grove,424969.0
1026.0,3,2,2228.0,2017,1,1.53,9.3,1,Maple Grove,289794.0
2227.0,5,4,2602.0,2009,3,5.7,7.7,0,Downtown,531995.0
1166.0,2,2,,2020,2,5.94,4.7,0,Maple Grove,264347.0
2312.0,5,4,6509.0,2002,0,7.95,4.0,0,Riverside,444927.0
2553.0,6,4,3007.0,2022,1,5.82,6.9,1,Riverside,541002.0
1267.0,3,3,4429.0,1950,1,20.89,6.7,0,Downtown,270847.0
2426.0,5,4,3625.0,2009,2,1.32,8.5,0,Oakwood,445521.0
2068.0,4,3,5204.0,1978,2,18.11,7.4,0,Downtown,442443.0
2334.0,5,3,7455.0,2000,3,4.64,5.7,0,Oakwood,395691.0
3033.0,6,5,5669.0,2019,3,6.69,5.6,0,Oakwood,518467.0
1640.0,3,3,3941.0,1947,1,0.63,4.4,1,Maple Grove,284689.0
1310.0,4,3,8798.0,1986,1,2.87,6.7,0,Downtown,344447.0
1222.0,3,3,6404.0,2006,1,8.8,4.3,0,Maple Grove,274650.0
1270.0,1,1,5754.0,1950,1,7.36,8.0,1,Hillcrest,287709.0
1750.0,4,3,3028.0,1950,3,0.25,7.4,0,Oakwood,317850.0
2022.0,4,3,8346.0,2007,2,4.75,7.4,0,Oakwood,348866.0
1980.0,4,2,6724.0,1964,2,0.55,4.4,0,Oakwood,323985.0
2338.0,4,3,6898.0,1965,2,32.92,6.3,0,Maple Grove,351443.0
1808.0,5,3,4782.0,1946,0,13.66,,0,Riverside,309119.0
2745.0,6,4,4346.0,2000,0,0.2,6.7,0,Oakwood,470358.0
1628.0,3,1,12078.0,1954,2,11.74,7.3,1,Maple Grove,308470.0
3568.0,7,5,4311.0,2014,2,15.11,5.7,1,Hillcrest,703129.0
2207.0,4,3,2697.0,1967,1,2.62,5.7,0,Oakwood,377764.0
1243.0,1,1,5900.0,1974,2,7.63,7.6,0,Riverside,264594.0
1104.0,2,1,5351.0,2022,2,3.5,4.7,0,Maple Grove,219451.0
2114.0,5,3,8992.0,1981,2,6.39,5.3,0,Maple Grove,372827.0
1655.0,4,3,4971.0,1999,2,2.5,6.5,0,Oakwood,315204.0
2264.0,5,3,7338.0,1993,2,2.34,7.9,1,Oakwood,439862.0
2108.0,5,4,10634.0,1978,2,3.31,4.9,0,Maple Grove,411680.0
1753.0,4,3,6530.0,1988,2,0.94,9.4,1,Hillcrest,439967.0
1250.0,2,2,3113.0,1966,3,10.67,4.3,0,Maple Grove,204339.0
815.0,2,2,1823.0,1975,1,2.57,9.0,0,Downtown,238721.0
1510.0,4,3,6622.0,1951,2,3.07,8.4,0,Maple Grove,279393.0
2357.0,5,4,4469.0,1965,1,13.47,4.2,0,Oakwood,325527.0
1939.0,5,4,6102.0,1960,1,4.12,3.9,1,Riverside,343227.0
990.0,3,2,5371.0,1964,2,4.71,7.7,1,Hillcrest,254815.0
1913.0,4,3,2664.0,1987,3,18.81,5.9,0,Downtown,407051.0
2050.0,5,4,4957.0,1988,1,13.07,4.9,0,Maple Grove,321842.0
1225.0,2,1,3017.0,1991,1,1.11,9.4,0,Riverside,285147.0
1900.0,3,2,4141.0,1963,1,3.85,4.6,0,Maple Grove,331417.0
1838.0,4,3,8333.0,1992,2,21.3,,0,Oakwood,264894.0
1057.0,2,1,5585.0,2013,1,2.79,5.5,0,Hillcrest,238139.0
2033.0,4,2,7121.0,1955,1,2.79,2.0,0,Riverside,300207.0
2165.0,4,2,5814.0,1973,2,1.3,6.6,0,Downtown,468838.0
2504.0,4,2,4634.0,1989,0,0.73,5.0,1,Hillcrest,528673.0
2485.0,5,4,6110.0,2012,2,8.09,7.8,0,Oakwood,451220.0
905.0,1,1,2031.0,1980,2,8.82,8.0,0,Riverside,245022.0
1190.0,3,3,7757.0,1992,1,20.85,6.9,0,Downtown,250794.0
2135.0,4,3,3431.0,1959,2,8.91,6.9,0,Maple Grove,402318.0
2134.0,4,2,6903.0,1988,2,1.67,6.8,0,Oakwood,358858.0
2135.0,5,4,4540.0,2011,2,0.25,5.4,0,Oakwood,377374.0
4304.0,7,5,2665.0,2018,2,25.38,5.5,1,Oakwood,704345.0
2171.0,3,2,3759.0,1984,1,2.5,8.6,1,Maple Grove,397110.0
2538.0,4,3,6921.0,1958,2,2.24,7.7,1,Oakwood,479606.0
2420.0,4,3,13996.0,2007,2,14.18,6.8,0,Riverside,445171.0
2223.0,4,3,5198.0,1995,1,5.28,7.5,0,Hillcrest,444358.0
1595.0,4,2,13177.0,2002,0,1.45,,0,Hillcrest,334287.0
2293.0,4,2,2028.0,1959,0,13.19,6.8,0,Riverside,380871.0
5192.0,2,1,4722.0,2009,0,30.09,7.5,0,Maple Grove,165681.0
1646.0,2,1,5201.0,1999,2,0.54,3.2,0,Downtown,345087.0
1485.0,3,2,7099.0,2020,0,11.89,7.9,0,Downtown,316282.0
1853.0,3,2,3838.0,1954,1,2.97,7.8,0,Oakwood,327729.0
3305.0,7,5,6392.0,1986,2,4.45,5.3,1,Maple Grove,548208.0
586.0,1,1,4844.0,1955,1,14.78,8.5,0,Oakwood,114020.0
2246.0,6,4,9621.0,1960,2,21.76,3.0,1,Oakwood,301220.0
752.0,1,1,5902.0,2017,2,1.82,7.1,0,Riverside,230886.0
1493.0,1,1,17490.0,2022,1,1.44,6.6,0,Hillcrest,302683.0
2508.0,5,4,4864.0,1963,2,0.5,6.0,0,Downtown,554578.0
1842.0,5,3,9316.0,1975,2,4.95,6.5,0,Downtown,451869.0
1099.0,3,2,10768.0,2017,1,0.2,7.4,0,Riverside,287266.0
1335.0,3,3,1051.0,1997,1,3.19,,0,Hillcrest,251274.0
2242.0,4,3,7708.0,1952,2,0.46,8.1,0,Hillcrest,444736.0
1325.0,3,2,2635.0,1968,3,3.12,5.8,0,Oakwood,261679.0
1941.0,3,2,4773.0,1952,2,0.24,,0,Maple Grove,361694.0
1830.0,4,4,2879.0,1992,1,10.82,7.5,0,Oakwood,300615.0
1376.0,3,2,9704.0,1974,2,1.41,5.8,0,Hillcrest,332502.0
3194.0,7,5,3958.0,2002,2,2.39,6.4,1,Riverside,603320.0
2212.0,7,5,1956.0,1999,2,12.24,6.5,0,Downtown,494191.0
484.0,1,1,5974.0,2017,2,8.23,9.1,0,Maple Grove,140688.0
1921.0,3,2,10413.0,2006,2,1.48,4.7,1,Maple Grove,348675.0
1370.0,3,2,2901.0,1992,2,0.45,,1,Oakwood,256399.0
2354.0,3,2,8210.0,1948,2,7.55,4.0,0,Oakwood,353815.0
1285.0,2,1,1643.0,1981,2,2.97,6.7,0,Riverside,294620.0
1725.0,3,2,10779.0,1952,1,8.72,5.5,0,Maple Grove,257228.0
2128.0,4,3,6595.0,1945,2,3.54,,0,Downtown,453324.0
2363.0,5,3,2729.0,2014,3,2.55,8.9,0,Oakwood,439643.0
1020.0,1,2,7842.0,1991,1,3.6,5.2,0,Riverside,222875.0
1583.0,4,3,4078.0,2019,2,8.28,6.2,1,Maple Grove,346391.0
1491.0,3,3,3255.0,1949,1,13.95,5.8,0,Downtown,298418.0
1375.0,3,2,4031.0,1994,2,0.31,5.9,1,Oakwood,263496.0
2948.0,6,4,7453.0,1968,2,4.46,10.0,1,Oakwood,546646.0
2063.0,4,2,,1991,1,0.2,3.7,0,Oakwood,296972.0
980.0,3,2,1266.0,1962,3,3.79,7.5,0,Downtown,227925.0
2397.0,4,3,4142.0,1972,1,12.99,10.0,0,Maple Grove,483172.0
3179.0,6,5,9900.0,2021,2,2.69,8.2,1,Maple Grove,593552.0
2471.0,5,3,9835.0,1949,2,16.17,,0,Downtown,493034.0
812.0,1,1,4028.0,1974,1,5.98,4.6,0,Maple Grove,156347.0
1485.0,2,1,3951.0,1945,1,16.32,8.6,0,Oakwood,239073.0
2623.0,5,3,,1990,1,8.49,8.0,1,Oakwood,470468.0
1340.0,3,3,3730.0,2013,2,0.66,4.1,1,Maple Grove,302804.0
2088.0,4,3,3869.0,1975,2,1.58,6.0,0,Oakwood,328735.0
2304.0,5,4,6120.0,2014,1,3.01,4.6,0,Oakwood,422207.0
1197.0,3,2,10018.0,2000,0,1.12,1.9,0,Maple Grove,222179.0
1761.0,3,2,3138.0,1972,0,4.1,4.5,0,Riverside,312274.0
450.0,1,1,3470.0,1960,2,3.82,6.7,1,Hillcrest,161724.0
1134.0,2,1,6475.0,1998,2,18.78,7.4,0,Maple Grove,155733.0
1636.0,3,2,7666.0,1997,0,3.41,6.0,1,Downtown,390864.0
989.0,2,1,2252.0,1956,2,9.24,8.7,0,Riverside,189944.0
2861.0,4,3,11837.0,1964,0,17.07,8.1,0,Oakwood,415091.0
870.0,2,2,4553.0,1978,3,12.57,6.3,0,Riverside,173302.0
1514.0,4,3,2381.0,1997,3,1.4,6.1,0,Oakwood,314981.0
1885.0,5,4,2187.0,2008,2,4.11,7.1,0,Hillcrest,439954.0
2737.0,6,4,2109.0,1967,3,2.56,6.5,0,Oakwood,473044.0
867.0,3,2,9228.0,1971,2,3.06,4.2,0,Oakwood,161720.0
2556.0,5,3,5609.0,1961,2,2.69,6.0,0,Downtown,562283.0
1807.0,4,2,9270.0,1992,2,10.5,7.6,0,Downtown,417911.0
1162.0,2,1,5075.0,1965,1,3.61,,0,Maple Grove,261294.0
2100.0,4,4,9142.0,1994,1,4.45,8.0,0,Oakwood,403220.0
1929.0,4,3,5009.0,1984,1,24.26,,0,Maple Grove,311459.0
1410.0,4,3,1000.0,1947,2,0.37,8.8,0,Downtown,359430.0
1845.0,4,2,7084.0,1961,1,4.02,7.2,0,Oakwood,326109.0
1550.0,3,2,5255.0,2005,1,8.92,6.4,0,Oakwood,276315.0
1874.0,4,3,,1994,2,0.98,8.9,1,Oakwood,383991.0
2230.0,5,4,3312.0,1950,1,5.67,7.7,1,Hillcrest,466390.0
2831.0,5,3,7572.0,1972,2,1.64,8.6,0,Oakwood,475592.0
995.0,1,1,2909.0,2016,3,12.12,4.6,0,Maple Grove,186010.0
3186.0,6,4,7565.0,1999,2,2.38,5.1,0,Downtown,669879.0
531.0,1,1,5739.0,2002,2,2.39,5.2,0,Maple Grove,132071.0
1701.0,3,1,,1989,2,5.47,6.8,0,Riverside,343332.0
2182.0,4,3,5993.0,2016,2,1.22,9.4,0,Oakwood,432530.0
1983.0,4,3,9637.0,1963,1,2.01,4.7,0,Riverside,339144.0
1395.0,4,3,6742.0,1973,3,3.23,7.9,0,Oakwood,296221.0
1665.0,4,3,5801.0,1967,1,2.62,4.6,1,Maple Grove,356159.0
1480.0,3,3,1171.0,1976,0,4.47,9.9,0,Riverside,337968.0
1417.0,3,2,9831.0,1954,2,5.49,3.9,1,Oakwood,237925.0
2352.0,4,2,2095.0,1993,1,5.02,7.7,0,Riverside,466552.0
2032.0,5,4,2512.0,2009,1,6.37,7.9,0,Oakwood,423757.0
1350.0,3,3,8027.0,1973,0,2.21,7.5,0,Maple Grove,297312.0
2385.0,5,4,5503.0,2003,1,0.81,5.1,0,Hillcrest,459181.0
2000.0,3,3,2150.0,1989,1,8.58,4.8,0,Hillcrest,394553.0
2328.0,3,2,3948.0,2011,0,11.41,8.5,0,Oakwood,414222.0
2209.0,5,4,9575.0,1995,2,1.78,8.2,0,Maple Grove,396746.0
1261.0,3,2,5902.0,1955,2,3.14,8.2,0,Hillcrest,324727.0
1436.0,2,1,5573.0,1950,1,4.14,8.3,0,Oakwood,251776.0
2286.0,4,4,3688.0,2011,3,4.57,4.0,0,Oakwood,414341.0
2197.0,5,3,8169.0,2006,1,6.46,4.0,1,Maple Grove,390303.0
1786.0,3,3,5154.0,1949,1,0.25,5.4,0,Downtown,404073.0
1876.0,5,4,7419.0,1953,1,7.67,5.7,1,Hillcrest,406666.0
2630.0,5,4,3481.0,1972,2,0.38,5.6,0,Oakwood,456213.0
1415.0,3,2,14034.0,2021,2,3.79,6.9,1,Oakwood,314313.0
2156.0,4,3,10440.0,1982,2,10.55,8.3,0,Hillcrest,437812.0
1669.0,4,3,5870.0,1987,2,3.6,6.0,0,Downtown,397419.0
1659.0,3,2,6529.0,1965,2,0.97,5.2,0,Downtown,376343.0
2514.0,5,4,3968.0,2006,2,25.21,7.8,1,Hillcrest,524155.0
2337.0,5,4,7715.0,1990,3,13.2,6.0,0,Riverside,441854.0
2329.0,4,3,1343.0,2014,1,8.85,6.7,0,Hillcrest,454404.0
2649.0,6,4,11747.0,1982,1,3.18,6.0,1,Maple Grove,468582.0
1814.0,3,2,7491.0,1993,2,1.22,7.0,0,Maple Grove,366477.0
2243.0,4,3,3102.0,2019,2,17.02,4.9,0,Oakwood,337207.0
1598.0,2,2,11604.0,1983,1,4.56,7.7,0,Oakwood,311661.0
2011.0,2,2,13432.0,2015,1,11.48,6.4,0,Maple Grove,351411.0
1715.0,3,2,6708.0,1974,2,2.51,5.3,0,Downtown,419071.0
1863.0,6,5,3513.0,1965,2,2.45,7.3,0,Downtown,454742.0
2187.0,5,4,5618.0,1945,1,25.42,5.3,1,Maple Grove,366225.0
1268.0,3,2,7194.0,1976,3,4.43,5.3,0,Downtown,333060.0
3160.0,6,4,6428.0,1952,2,0.91,4.6,0,Downtown,648632.0
1146.0,2,1,3102.0,2013,2,1.49,3.8,0,Riverside,209202.0
1011.0,2,1,7129.0,1974,2,3.95,7.4,1,Riverside,284968.0
2553.0,4,3,9519.0,1952,3,0.26,8.4,0,Riverside,477673.0
2315.0,6,5,2692.0,1963,1,3.73,5.8,1,Maple Grove,435152.0
2206.0,5,3,2881.0,2003,1,3.26,5.2,0,Oakwood,380505.0
2208.0,5,4,3880.0,1999,2,9.07,3.6,0,Downtown,467091.0
1792.0,4,3,4908.0,1974,2,2.63,3.0,0,Maple Grove,324096.0
1217.0,2,2,8272.0,1980,0,24.29,7.7,0,Downtown,224415.0
1849.0,4,3,9467.0,1999,3,1.2,3.3,0,Downtown,469389.0
1360.0,3,3,,1988,2,5.36,4.7,0,Oakwood,224041.0
2434.0,5,4,6093.0,1971,1,0.56,7.0,0,Maple Grove,443450.0
1704.0,3,2,9279.0,2021,1,7.94,6.6,1,Riverside,321980.0
1263.0,3,3,14430.0,2022,1,31.5,7.0,1,Riverside,264852.0
1591.0,4,2,6077.0,1998,2,10.26,6.5,1,Riverside,367806.0
2068.0,3,2,6248.0,1992,3,4.87,5.9,1,Oakwood,409718.0
1434.0,2,1,6728.0,1974,2,3.98,4.7,0,Oakwood,261947.0
1266.0,3,2,4637.0,1983,3,10.81,5.5,0,Hillcrest,260227.0
1958.0,4,4,5842.0,1957,2,16.49,6.0,1,Riverside,356065.0
1959.0,4,3,1566.0,1960,2,27.17,3.5,0,Hillcrest,294132.0
1470.0,3,1,,1988,2,3.03,5.2,0,Riverside,255863.0
1494.0,3,2,7073.0,2015,2,28.21,5.9,0,Riverside,239050.0
1951.0,5,4,3318.0,1971,2,1.02,5.4,0,Downtown,475891.0
859.0,1,1,8368.0,1989,0,1.75,6.0,0,Maple Grove,161062.0
885.0,1,1,1927.0,1979,2,0.56,7.6,0,Maple Grove,152130.0
1333.0,3,2,8208.0,1972,0,1.9,7.8,0,Maple Grove,244928.0
1661.0,2,1,8197.0,1951,2,8.76,8.9,1,Hillcrest,382900.0
2002.0,4,3,14559.0,2006,2,11.5,4.1,1,Hillcrest,376730.0
2759.0,7,5,4539.0,1995,1,9.05,5.8,1,Hillcrest,559592.0
2357.0,5,5,5506.0,1990,1,5.98,8.5,0,Hillcrest,509079.0
1696.0,4,3,11182.0,1964,2,4.33,3.7,1,Riverside,334177.0
1788.0,3,2,10480.0,1982,2,7.4,4.6,1,Downtown,407277.0
1148.0,2,1,8981.0,2005,1,2.97,5.5,0,Oakwood,226717.0
1788.0,3,2,6539.0,1976,2,11.04,9.8,1,Oakwood,335069.0
1612.0,3,2,11033.0,1970,1,6.78,4.9,0,Downtown,327681.0
2010.0,5,4,17114.0,2002,0,7.18,8.2,1,Riverside,455894.0
1262.0,3,2,7403.0,1983,0,4.61,6.5,0,Oakwood,194909.0
2138.0,3,2,5643.0,1964,0,12.99,4.7,0,Riverside,353251.0
2796.0,6,5,7847.0,1994,2,1.74,10.0,0,Maple Grove,576191.0
1729.0,4,3,6034.0,1996,3,2.88,6.8,0,Riverside,418284.0
2061.0,5,4,4753.0,1966,2,9.02,7.1,0,Oakwood,340350.0
2249.0,6,4,8386.0,1997,2,4.07,7.4,1,Maple Grove,438976.0
1539.0,2,2,4192.0,2010,1,13.2,7.2,1,Downtown,365876.0
1946.0,3,2,7327.0,1987,2,2.55,9.9,1,Riverside,426927.0
1808.0,3,1,2205.0,1967,1,2.77,9.4,0,Oakwood,343513.0
1863.0,4,4,12006.0,2021,2,13.18,5.0,1,Riverside,384698.0
1298.0,3,3,3570.0,2008,3,3.75,,0,Riverside,320864.0
1816.0,4,3,2485.0,1953,1,4.36,5.4,1,Riverside,341214.0
2124.0,4,2,10302.0,1951,2,2.43,7.0,0,Oakwood,384754.0
2743.0,5,4,11255.0,1985,0,1.94,4.2,0,Maple Grove,437086.0
2424.0,5,4,6472.0,1998,1,6.4,8.2,1,Downtown,577961.0
3200.0,6,5,5231.0,2009,0,0.77,6.0,1,Downtown,733858.0
1301.0,4,3,4598.0,1946,1,12.69,4.7,0,Riverside,199053.0
2367.0,3,3,6294.0,1948,1,9.06,8.4,1,Oakwood,320754.0
1919.0,4,4,5385.0,2022,1,1.27,8.8,0,Maple Grove,437030.0
3223.0,7,5,5046.0,1976,2,7.11,8.9,0,Riverside,608444.0
1275.0,3,2,3358.0,1946,1,5.54,4.1,0,Maple Grove,180895.0
1254.0,2,2,2826.0,2008,2,1.22,9.0,0,Downtown,382055.0
1410.0,3,3,5755.0,1958,3,1.91,6.0,0,Maple Grove,275973.0
450.0,1,2,6197.0,1964,2,3.16,9.8,0,Oakwood,131248.0
1458.0,4,2,3685.0,1993,1,7.21,7.5,0,Oakwood,279859.0
1307.0,1,1,3978.0,1952,1,6.11,6.9,0,Hillcrest,262338.0
1898.0,5,3,6189.0,2007,3,4.56,6.5,0,Hillcrest,416903.0
2022.0,3,3,3308.0,1990,2,8.78,6.5,0,Oakwood,322337.0
3020.0,6,4,9152.0,1965,2,8.51,5.4,0,Maple Grove,480760.0
2418.0,4,4,7182.0,1976,1,5.77,4.8,0,Riverside,445143.0
1425.0,3,2,3666.0,1952,2,9.28,5.9,0,Riverside,230735.0
1216.0,1,1,6999.0,1960,1,2.44,8.4,0,Downtown,288817.0
2120.0,5,4,3354.0,1984,3,12.78,4.3,0,Hillcrest,412610.0
942.0,4,2,8216.0,1971,3,5.73,8.6,0,Maple Grove,267927.0
2990.0,5,4,3429.0,1962,0,10.37,6.7,1,Oakwood,477265.0
2567.0,5,3,5178.0,1979,2,4.74,7.8,0,Riverside,498659.0
1495.0,2,2,5935.0,1996,1,1.48,7.8,0,Downtown,382940.0
686.0,2,1,11170.0,1959,2,4.69,8.0,0,Oakwood,185805.0
2680.0,5,4,3554.0,2007,3,2.78,,0,Oakwood,510509.0
1726.0,3,3,3473.0,1997,2,7.17,6.6,1,Downtown,412427.0
2605.0,6,5,2290.0,2010,1,3.88,7.9,0,Riverside,518089.0
764.0,3,2,12802.0,1975,1,10.85,4.8,0,Downtown,194028.0
1410.0,3,2,5601.0,2005,2,6.8,4.6,0,Oakwood,258206.0
1803.0,4,3,9262.0,2008,2,6.92,5.8,0,Hillcrest,396030.0
1831.0,3,2,4017.0,1978,2,1.47,7.0,0,Hillcrest,383008.0
1507.0,2,1,4223.0,1999,1,24.91,9.6,1,Riverside,282183.0
2205.0,5,4,5369.0,2003,1,11.06,6.6,1,Riverside,482889.0
1106.0,3,1,5453.0,1947,3,9.34,9.7,0,Oakwood,231689.0
1707.0,4,3,7705.0,1961,2,2.4,7.3,1,Riverside,325410.0
1878.0,4,3,5685.0,2022,2,4.6,5.8,0,Hillcrest,405201.0
2134.0,4,3,4500.0,2022,2,0.88,8.3,1,Maple Grove,443524.0
2263.0,4,3,12922.0,1990,2,4.64,6.1,1,Hillcrest,487636.0
1069.0,3,2,3332.0,1982,1,0.95,6.9,0,Downtown,289972.0
803.0,2,1,3565.0,1979,1,4.83,4.4,0,Oakwood,147886.0
2630.0,5,4,3359.0,1945,2,6.28,4.1,0,Oakwood,413521.0
2016.0,4,3,7855.0,1973,2,2.97,7.4,0,Maple Grove,388701.0
1313.0,3,2,6891.0,1948,2,4.14,8.3,0,Maple Grove,289581.0
2808.0,5,4,5057.0,2005,3,12.51,9.6,1,Downtown,629883.0
1875.0,4,3,3262.0,1961,1,0.69,,1,Oakwood,324121.0
2567.0,7,5,5922.0,1972,0,9.41,8.8,1,Hillcrest,567174.0
1844.0,3,2,8402.0,1994,3,1.12,8.6,1,Riverside,417673.0
3139.0,6,5,11398.0,1952,2,0.22,5.7,1,Hillcrest,633055.0
2941.0,5,3,3923.0,1978,2,1.23,8.7,0,Maple Grove,520173.0
1638.0,4,2,5048.0,2003,2,8.69,8.0,0,Riverside,320493.0
2432.0,5,4,6858.0,1962,2,3.12,8.3,0,Maple Grove,477230.0
2219.0,4,3,4475.0,2003,1,12.36,10.0,0,Maple Grove,374117.0
2690.0,6,4,2512.0,1971,2,4.46,8.3,0,Maple Grove,462370.0
1173.0,3,2,5061.0,1960,2,0.2,3.1,0,Downtown,272901.0
2246.0,4,3,2705.0,1954,2,7.57,7.0,1,Oakwood,392641.0
2488.0,3,3,8760.0,2020,2,0.7,4.0,1,Downtown,528122.0
657.0,2,2,4668.0,1966,0,9.35,6.7,0,Oakwood,144943.0
1031.0,2,2,5326.0,1960,0,1.1,6.6,1,Riverside,238541.0
474.0,2,1,3617.0,1956,1,2.54,5.6,0,Oakwood,117883.0
1625.0,2,1,5434.0,2019,1,8.59,4.9,1,Hillcrest,335603.0
2266.0,5,2,10050.0,1995,3,18.5,5.7,0,Riverside,402106.0
2777.0,5,3,9234.0,1945,2,2.79,6.0,0,Oakwood,457629.0
1848.0,4,3,2951.0,1971,2,10.61,6.3,1,Riverside,363955.0
2859.0,6,5,1000.0,2011,2,1.27,6.7,0,Hillcrest,611712.0
903.0,1,1,5082.0,1956,1,9.88,7.4,0,Hillcrest,192238.0
693.0,1,1,4686.0,1974,3,6.43,6.0,0,Riverside,156872.0
1764.0,4,3,4534.0,1953,1,1.28,8.5,0,Maple Grove,352081.0
2050.0,4,3,4061.0,1997,0,2.16,6.4,1,Riverside,426691.0
1779.0,4,3,2912.0,2005,2,0.85,8.0,0,Downtown,503024.0
456.0,2,1,15059.0,1998,3,2.9,6.0,1,Hillcrest,202504.0
1742.0,2,2,12797.0,1981,3,1.37,,0,Hillcrest,437154.0
952.0,3,3,4431.0,2009,0,6.2,7.2,0,Riverside,257342.0
2235.0,5,4,5879.0,1986,3,31.22,9.1,0,Maple Grove,384890.0
2038.0,3,3,8838.0,1993,1,0.2,5.4,1,Maple Grove,363714.0
1189.0,1,2,5870.0,1948,0,4.67,5.8,0,Downtown,240906.0
1466.0,3,2,4242.0,2008,2,5.12,6.1,0,Downtown,397875.0
1112.0,3,2,2539.0,1995,3,14.74,10.0,0,Riverside,244824.0
1759.0,3,2,5535.0,2016,2,4.23,6.2,0,Downtown,430728.0
2421.0,6,5,2729.0,2004,2,4.71,5.2,1,Oakwood,411172.0
1159.0,1,1,9714.0,1975,2,3.83,8.6,0,Hillcrest,314777.0
2128.0,4,3,5408.0,2016,2,1.88,6.6,0,Oakwood,376861.0
1455.0,2,1,7135.0,2002,3,0.35,6.2,0,Hillcrest,338375.0
1285.0,3,2,4611.0,1948,2,3.15,5.5,0,Riverside,244685.0
1730.0,4,4,8242.0,1966,3,0.32,7.3,0,Riverside,387689.0
1127.0,2,2,3878.0,1947,3,4.8,8.2,0,Riverside,253178.0
1440.0,1,1,6380.0,1991,0,2.2,,0,Riverside,310518.0
1021.0,2,1,4520.0,1982,2,4.58,5.7,0,Downtown,265830.0
3077.0,7,5,4887.0,1977,2,0.87,4.9,0,Hillcrest,624106.0
1823.0,4,3,8781.0,2022,1,16.19,1.0,1,Downtown,373663.0
1345.0,4,3,3602.0,1992,2,13.5,5.0,1,Downtown,333850.0
1939.0,3,2,6602.0,2009,0,1.26,5.9,0,Hillcrest,397265.0
1727.0,4,3,10284.0,1970,2,2.52,6.4,0,Oakwood,308418.0
1656.0,4,3,8623.0,1952,3,5.7,,0,Oakwood,329293.0
2199.0,3,2,3939.0,1994,1,0.6,10.0,1,Oakwood,435337.0
2292.0,5,4,7057.0,1982,2,2.63,7.3,0,Hillcrest,509320.0
1455.0,3,2,1928.0,1954,3,1.73,4.5,1,Riverside,270134.0
1426.0,3,3,8927.0,1986,2,14.83,7.5,0,Riverside,247360.0
1621.0,4,3,17088.0,1981,1,11.48,7.1,0,Downtown,382371.0
450.0,1,1,6413.0,1970,2,5.2,4.8,0,Maple Grove,93927.0
815.0,1,1,10535.0,1956,2,4.41,7.0,0,Downtown,214765.0
2688.0,5,4,2470.0,1993,2,16.02,7.3,0,Hillcrest,542621.0
2869.0,5,4,3092.0,1958,2,16.17,8.1,1,Hillcrest,596623.0
1638.0,2,2,4602.0,1990,2,20.91,3.7,1,Downtown,335183.0
2175.0,5,4,5059.0,1979,2,0.8,7.5,1,Hillcrest,488699.0
2002.0,3,1,6434.0,1973,2,1.05,8.8,0,Maple Grove,391978.0
3801.0,7,5,3949.0,1956,1,6.78,9.5,0,Oakwood,610773.0
2528.0,5,4,5911.0,1988,2,4.68,4.5,0,Oakwood,374509.0
1717.0,2,2,8772.0,2010,2,0.2,6.3,0,Oakwood,318677.0
1179.0,2,1,7044.0,1946,2,0.38,6.4,1,Oakwood,259467.0
756.0,2,2,4524.0,2003,0,13.14,7.6,0,Maple Grove,156814.0
1932.0,3,1,7918.0,1961,1,12.19,6.2,0,Oakwood,311454.0
1308.0,2,2,,1954,1,2.65,5.4,1,Oakwood,220446.0
876.0,2,1,5746.0,1962,1,13.3,6.8,1,Maple Grove,186645.0
1380.0,3,3,8551.0,1966,2,5.4,6.0,0,Downtown,329048.0
1097.0,2,2,4990.0,2002,0,9.84,7.4,0,Downtown,307124.0
2897.0,5,4,2707.0,1997,2,3.35,5.2,1,Maple Grove,505501.0
2373.0,6,4,5665.0,1945,1,0.72,4.9,0,Downtown,501909.0
1795.0,5,3,8588.0,2005,1,3.41,8.6,1,Hillcrest,479488.0
2762.0,6,5,8976.0,1975,2,3.67,,0,Riverside,549306.0
1850.0,4,3,3021.0,1975,1,4.8,9.4,0,Riverside,388108.0
1240.0,2,2,7761.0,2010,3,0.67,6.4,0,Oakwood,248255.0
2790.0,5,4,4835.0,1963,0,28.54,8.2,1,Downtown,570618.0
2150.0,5,3,10880.0,1997,2,1.68,5.4,1,Maple Grove,444893.0
1126.0,3,3,2739.0,2020,2,1.33,7.3,1,Maple Grove,269120.0
1676.0,4,3,7689.0,2018,2,4.49,5.6,0,Maple Grove,342590.0
1231.0,3,2,4563.0,1966,1,4.62,8.5,1,Oakwood,271816.0
901.0,1,1,3983.0,1967,2,3.48,8.3,0,Maple Grove,204579.0
2402.0,6,4,,1959,2,8.87,9.8,0,Hillcrest,558458.0
3041.0,5,3,9416.0,1970,3,4.36,6.1,0,Oakwood,527965.0
891.0,1,1,1589.0,1947,3,5.64,9.0,1,Hillcrest,223708.0
2166.0,5,4,8816.0,1964,1,7.72,7.3,1,Riverside,455349.0
1377.0,4,3,5306.0,1984,3,0.2,6.6,0,Riverside,325967.0
1483.0,5,4,5583.0,1983,0,5.07,7.0,0,Maple Grove,306836.0
1415.0,3,2,2653.0,2016,0,12.94,9.2,1,Hillcrest,333111.0
1238.0,2,2,7437.0,1962,2,0.2,6.3,0,Oakwood,205601.0
1832.0,4,3,15244.0,1985,1,3.12,6.4,1,Downtown,466637.0
1260.0,3,2,4116.0,2014,0,15.64,3.2,0,Maple Grove,199969.0
1976.0,4,4,9858.0,1971,1,2.61,6.3,0,Hillcrest,469790.0
1767.0,5,3,5478.0,1959,2,3.68,6.9,0,Oakwood,306330.0
1645.0,3,3,4205.0,1981,2,23.95,5.3,0,Riverside,227824.0
1210.0,3,1,2358.0,2002,2,1.33,4.9,0,Oakwood,199317.0
1425.0,3,3,10545.0,1949,1,0.4,3.5,0,Maple Grove,288681.0
2291.0,5,4,5825.0,2017,2,11.77,5.6,0,Oakwood,376090.0
2126.0,5,4,4323.0,1951,3,12.17,8.8,0,Downtown,519977.0
1165.0,2,1,4712.0,1985,2,3.83,4.1,1,Downtown,278569.0
1865.0,3,2,7733.0,1954,1,4.33,7.8,0,Maple Grove,316951.0
2288.0,4,2,4319.0,2006,3,10.84,7.9,0,Downtown,560067.0
715.0,2,1,3246.0,1970,2,8.05,10.0,1,Hillcrest,257895.0
2153.0,5,4,5180.0,2012,0,1.85,8.2,0,Oakwood,399990.0
1369.0,3,3,5098.0,1968,0,0.2,8.0,0,Riverside,322667.0
2171.0,6,5,5039.0,2022,1,3.92,7.1,0,Maple Grove,434328.0
1304.0,3,2,4349.0,1985,2,11.75,6.5,1,Maple Grove,265138.0
627.0,2,1,10025.0,2009,1,13.57,7.9,1,Maple Grove,207273.0
742.0,1,1,17972.0,1961,2,18.77,8.5,0,Maple Grove,121403.0
1831.0,3,3,3025.0,1968,0,12.7,6.8,1,Maple Grove,310127.0
1969.0,4,3,1431.0,1971,3,5.21,8.6,0,Hillcrest,437103.0
1212.0,3,3,4852.0,1951,1,3.53,10.0,0,Maple Grove,280929.0
2215.0,4,3,1545.0,2017,3,8.95,6.6,1,Downtown,493458.0
720.0,1,1,2220.0,1956,3,8.08,6.7,0,Riverside,175039.0
1757.0,2,2,4155.0,1947,0,4.64,6.4,1,Oakwood,266018.0
1013.0,2,2,7705.0,1954,2,0.55,6.7,0,Maple Grove,192189.0
1376.0,3,2,4822.0,1977,0,15.63,8.5,0,Oakwood,229903.0
1831.0,4,3,1184.0,1990,3,3.65,,1,Maple Grove,408016.0
1241.0,3,2,4789.0,2003,2,2.71,6.8,0,Riverside,335692.0
1550.0,3,2,4978.0,1996,0,5.96,6.1,1,Oakwood,291543.0
2454.0,5,4,5021.0,1950,0,6.72,7.3,1,Oakwood,409251.0
1425.0,2,2,9297.0,1946,1,1.42,5.7,1,Riverside,289720.0
2343.0,5,4,8536.0,1973,3,10.88,4.5,0,Riverside,424511.0
1066.0,2,2,5710.0,1984,2,2.05,7.2,0,Riverside,281421.0
2144.0,5,4,13781.0,2005,3,1.24,9.7,1,Maple Grove,449905.0
2737.0,5,4,4149.0,2012,1,3.13,6.0,1,Riverside,552165.0
450.0,1,1,5145.0,2012,0,7.87,4.8,0,Oakwood,64804.0
1282.0,3,1,5430.0,1973,3,20.19,9.6,1,Riverside,257748.0
2175.0,4,3,2343.0,2006,0,9.94,6.6,0,Hillcrest,431489.0
1668.0,3,2,5489.0,2004,3,16.92,8.0,1,Hillcrest,378806.0
2041.0,5,3,2080.0,1985,1,0.91,5.3,0,Hillcrest,424258.0
1407.0,3,2,3803.0,2009,0,0.44,6.5,0,Oakwood,273331.0
1856.0,5,4,5842.0,2008,2,4.89,8.7,0,Riverside,411441.0
1699.0,4,4,2572.0,2007,3,2.06,6.7,0,Hillcrest,373004.0
2559.0,6,5,6504.0,1992,3,10.56,6.7,1,Maple Grove,492436.0
1965.0,3,2,3478.0,1964,1,6.69,4.1,0,Riverside,343125.0
2019.0,5,4,4515.0,1981,1,21.19,7.8,1,Downtown,478218.0
1532.0,3,2,7079.0,2008,2,1.76,5.2,0,Oakwood,324549.0
1483.0,3,3,5267.0,1949,2,3.99,8.3,0,Riverside,322403.0
1519.0,3,2,6428.0,1978,2,4.17,6.8,0,Hillcrest,369256.0
2056.0,3,2,6861.0,1983,1,1.64,7.0,0,Downtown,468529.0
1526.0,3,2,5222.0,2011,3,5.35,7.7,0,Riverside,301399.0
1988.0,3,2,6615.0,2006,2,3.51,7.1,0,Oakwood,377482.0
3149.0,5,4,3769.0,1968,2,3.55,9.2,0,Maple Grove,579248.0
2366.0,4,3,7036.0,1947,2,2.7,9.0,0,Maple Grove,437738.0
1588.0,4,2,4868.0,2015,2,0.2,,0,Maple Grove,307030.0
2581.0,5,4,10154.0,2011,3,4.43,6.2,1,Downtown,628122.0
1535.0,4,3,5905.0,1994,2,2.45,7.8,0,Hillcrest,368908.0
475.0,1,1,4065.0,1973,3,0.2,5.0,0,Oakwood,129299.0
1145.0,1,1,7098.0,2018,3,2.21,4.0,0,Riverside,215964.0
584.0,1,1,10372.0,1976,2,1.96,5.3,0,Oakwood,117324.0
1572.0,4,3,4266.0,1983,2,3.0,6.3,0,Downtown,358521.0
1812.0,3,1,3885.0,1953,0,0.85,1.0,0,Oakwood,293713.0
2890.0,5,4,1000.0,1958,0,4.25,4.7,1,Maple Grove,478803.0
2013.0,4,3,5898.0,2012,1,7.07,3.7,1,Riverside,401155.0
1658.0,4,3,4615.0,2008,1,5.97,8.3,0,Oakwood,297788.0
2339.0,6,4,7083.0,1964,1,9.77,8.0,1,Riverside,454023.0
450.0,2,2,7160.0,1972,1,3.61,6.9,0,Oakwood,141561.0
1953.0,4,3,2407.0,1958,1,4.39,6.7,0,Riverside,396189.0
2301.0,4,3,8518.0,1988,2,9.98,7.4,0,Oakwood,377177.0
839.0,1,2,3580.0,2021,0,3.35,4.9,0,Oakwood,158940.0
2543.0,5,4,4279.0,1983,0,7.26,8.5,0,Downtown,553987.0
2020.0,3,2,1235.0,1972,2,3.42,6.6,0,Downtown,442978.0
1530.0,2,1,6523.0,2008,2,3.24,8.0,1,Oakwood,285168.0
2211.0,5,3,2910.0,1976,2,8.57,7.9,0,Downtown,469329.0
3276.0,7,5,3906.0,1953,2,1.15,7.4,0,Downtown,728275.0
1918.0,4,3,2756.0,1972,2,2.48,7.0,0,Oakwood,357531.0
1961.0,3,2,8885.0,1961,2,1.52,6.9,1,Maple Grove,348682.0
1501.0,3,3,4477.0,2021,2,2.67,6.4,0,Downtown,375655.0
1248.0,2,1,2600.0,1999,3,1.57,7.3,0,Oakwood,249791.0
2340.0,5,4,2709.0,1954,2,5.2,6.8,0,Maple Grove,452752.0
1244.0,3,2,8167.0,1950,2,9.6,5.7,0,Maple Grove,159581.0
1847.0,2,2,3403.0,1992,2,9.27,7.5,0,Maple Grove,340689.0
1490.0,2,2,4226.0,2019,1,2.72,6.9,0,Hillcrest,358504.0
2111.0,3,3,5609.0,2011,2,26.93,8.4,0,Oakwood,318836.0
2017.0,4,2,4645.0,1985,3,5.41,3.6,0,Oakwood,314508.0
2474.0,5,3,1741.0,2004,2,3.06,6.6,0,Hillcrest,522624.0
1468.0,2,1,7466.0,2021,3,10.83,5.3,0,Maple Grove,266223.0
1625.0,3,3,4828.0,1986,2,7.85,5.7,0,Hillcrest,377915.0
1164.0,2,1,6391.0,2015,3,8.3,7.4,0,Maple Grove,249736.0
1511.0,3,1,7741.0,1972,2,1.31,4.2,0,Oakwood,272731.0
2045.0,4,3,1490.0,1957,0,3.79,6.7,1,Oakwood,360347.0
2292.0,4,3,7777.0,1959,2,11.88,6.5,0,Maple Grove,400152.0
1201.0,3,2,16250.0,1980,1,4.21,4.8,0,Hillcrest,254499.0
2365.0,4,3,6738.0,1959,0,6.9,6.8,0,Maple Grove,402947.0
2681.0,5,3,10234.0,2019,2,5.32,5.3,1,Hillcrest,559399.0
2069.0,5,4,8736.0,2000,1,11.08,10.0,1,Oakwood,388879.0
3020.0,7,5,7635.0,1948,2,2.01,8.4,0,Downtown,711187.0
1297.0,2,2,8890.0,1996,1,5.14,6.6,0,Maple Grove,214215.0
991.0,3,1,9641.0,1954,1,0.79,5.8,0,Downtown,281458.0
644.0,2,1,9832.0,1989,3,7.03,7.3,0,Oakwood,113651.0
2772.0,5,3,2705.0,1973,1,7.9,7.7,1,Oakwood,459049.0
2225.0,5,4,9163.0,1997,2,0.26,6.9,0,Downtown,565973.0
1764.0,5,3,4792.0,1973,2,6.76,4.9,0,Riverside,303644.0
1982.0,3,3,10008.0,1967,2,3.21,6.2,0,Hillcrest,425074.0
1068.0,1,1,7036.0,2001,3,0.79,6.6,0,Riverside,256083.0
3390.0,7,5,2682.0,1994,2,3.27,7.0,1,Oakwood,589450.0
1884.0,4,3,10691.0,1965,2,1.3,7.0,0,Maple Grove,357512.0
1871.0,4,4,3590.0,1987,3,3.22,7.7,1,Downtown,479094.0
2272.0,5,4,4667.0,1954,1,2.91,8.6,0,Maple Grove,391847.0
2113.0,5,4,11934.0,2020,2,8.05,8.1,0,Oakwood,400396.0
1946.0,3,1,5925.0,1974,3,8.93,7.4,0,Maple Grove,364057.0
1286.0,3,1,4559.0,1995,2,5.6,4.5,0,Riverside,234102.0
2106.0,5,4,5288.0,1977,2,0.2,8.4,0,Riverside,434669.0
3023.0,6,4,4508.0,1962,2,16.04,7.8,0,Maple Grove,536500.0
2675.0,5,4,8159.0,2022,2,6.95,6.1,0,Hillcrest,550813.0
2836.0,4,2,4582.0,1966,3,0.21,6.5,0,Oakwood,472149.0
1468.0,3,3,5382.0,2008,1,10.25,6.6,0,Maple Grove,292624.0
1157.0,3,3,7336.0,1965,1,1.34,5.8,0,Downtown,294369.0
1718.0,3,2,6930.0,1945,2,5.19,3.7,0,Maple Grove,291771.0
1836.0,5,4,3756.0,1959,2,3.77,4.7,1,Downtown,452679.0
2511.0,5,4,8209.0,1980,1,3.27,5.0,0,Downtown,566770.0
700.0,2,1,4146.0,1991,0,13.23,3.4,0,Oakwood,120091.0
2794.0,5,4,3053.0,1998,1,3.45,4.7,0,Oakwood,405031.0
1697.0,3,2,1848.0,1976,3,0.47,8.3,1,Downtown,420250.0
1523.0,3,3,5006.0,2002,2,17.58,7.3,0,Oakwood,253295.0
1142.0,2,1,2096.0,1990,2,15.19,4.9,1,Riverside,189437.0
724.0,1,1,3469.0,1998,1,6.92,5.4,0,Oakwood,122573.0
2335.0,5,4,5454.0,1977,1,3.79,8.5,0,Riverside,482430.0
1848.0,4,3,9537.0,1983,1,0.58,8.4,0,Maple Grove,378640.0
962.0,2,2,4733.0,1967,0,9.39,6.6,0,Downtown,221732.0
958.0,1,1,2374.0,1987,3,0.47,8.4,0,Hillcrest,258889.0
1582.0,5,3,5195.0,1999,3,0.43,5.3,1,Maple Grove,329677.0
2885.0,7,5,9353.0,1946,1,4.63,6.9,0,Hillcrest,578427.0
1631.0,2,1,4675.0,2010,0,1.05,4.1,1,Maple Grove,325027.0
823.0,2,2,10343.0,1982,1,0.2,5.9,0,Oakwood,145999.0
1640.0,3,2,5437.0,1973,2,3.3,6.5,0,Riverside,351057.0
1623.0,3,1,7792.0,2011,1,0.89,3.8,0,Oakwood,325608.0
450.0,1,1,6151.0,2015,1,1.05,7.4,0,Downtown,217942.0
1765.0,3,3,10095.0,1980,1,0.48,7.7,1,Maple Grove,345476.0
1650.0,3,2,14237.0,1973,2,1.38,8.1,0,Downtown,413146.0
2253.0,4,3,4258.0,1981,2,7.54,10.0,1,Oakwood,443516.0
3002.0,5,4,5969.0,1989,2,9.93,7.2,0,Hillcrest,587671.0
2532.0,4,3,9533.0,1960,1,3.61,6.4,0,Downtown,533394.0
1625.0,3,2,6261.0,1975,3,4.24,3.9,1,Riverside,311098.0
1081.0,2,1,1790.0,1978,3,0.2,7.1,0,Downtown,269271.0
3473.0,7,5,,1994,1,0.43,7.4,1,Maple Grove,630287.0
1838.0,5,4,6234.0,2009,1,1.79,4.3,0,Maple Grove,322442.0
1809.0,3,2,11467.0,2006,2,4.71,6.1,1,Downtown,461607.0
1784.0,4,4,5803.0,1987,0,8.07,6.5,0,Oakwood,293267.0
1929.0,4,3,3340.0,2000,2,5.57,7.3,0,Riverside,388512.0
1706.0,4,3,6310.0,1959,2,2.99,7.9,0,Downtown,411853.0
1427.0,3,3,10894.0,1992,2,0.76,5.6,0,Hillcrest,348325.0
1445.0,3,2,3899.0,1993,1,9.11,6.8,0,Oakwood,273230.0
1779.0,4,3,4175.0,1988,2,2.71,7.4,0,Oakwood,341096.0
1447.0,2,1,3932.0,1954,3,7.99,6.2,0,Maple Grove,234977.0
1337.0,3,2,2565.0,1964,1,4.32,5.8,0,Maple Grove,231272.0
1869.0,4,3,5670.0,2014,2,8.05,7.6,0,Hillcrest,471554.0
1634.0,3,2,5330.0,1952,0,14.27,6.2,0,Riverside,290248.0
2778.0,6,4,,1989,0,15.23,4.6,0,Riverside,452018.0
450.0,1,1,3487.0,1978,2,4.6,8.7,0,Riverside,137808.0
2509.0,5,4,6057.0,1995,0,4.3,4.8,0,Downtown,505719.0
2610.0,6,4,7700.0,1948,0,1.85,6.3,0,Riverside,501547.0
452.0,3,2,8754.0,1983,1,16.47,7.0,0,Maple Grove,98282.0
1577.0,3,2,8012.0,1968,2,3.67,7.2,1,Maple Grove,342656.0
1559.0,2,1,5495.0,1999,2,0.82,6.8,0,Oakwood,306827.0
885.0,2,1,2316.0,1970,1,3.4,,0,Oakwood,157355.0
1294.0,3,2,4878.0,1969,2,0.82,5.4,0,Hillcrest,306597.0
1078.0,2,1,1107.0,1980,1,4.19,7.0,0,Maple Grove,207912.0
2939.0,7,5,6072.0,2015,2,4.94,6.3,1,Maple Grove,551243.0
2408.0,4,3,3826.0,2018,2,2.47,7.3,1,Riverside,489009.0
2627.0,6,5,1464.0,2002,2,0.45,8.1,0,Riverside,527864.0
2269.0,4,4,6644.0,1956,3,17.24,7.3,0,Hillcrest,406807.0
1066.0,4,2,10829.0,1945,3,8.91,5.3,0,Hillcrest,188916.0
1459.0,5,4,2114.0,1994,0,10.95,5.6,0,Riverside,299575.0
2118.0,4,3,6921.0,1969,3,2.74,9.1,1,Downtown,535315.0
1006.0,2,1,4446.0,1949,0,8.58,6.2,0,Hillcrest,216841.0
2263.0,5,4,3588.0,2012,3,3.99,6.3,0,Riverside,444358.0
1644.0,3,2,3592.0,1950,1,1.35,7.3,0,Maple Grove,304769.0
1556.0,3,2,4445.0,1970,1,0.8,8.5,0,Riverside,350074.0
2262.0,5,5,4436.0,1999,0,2.54,5.1,0,Hillcrest,504894.0
2089.0,3,3,5382.0,1983,0,0.89,5.7,1,Downtown,471319.0
1565.0,3,3,3395.0,1953,2,35.0,3.9,0,Oakwood,154790.0
2554.0,5,4,3793.0,1989,3,0.3,6.0,1,Hillcrest,582915.0
1097.0,2,1,7246.0,1958,2,3.49,7.4,0,Hillcrest,252292.0
2200.0,6,4,3225.0,1999,2,3.61,5.9,0,Maple Grove,402065.0
2186.0,3,3,6272.0,1953,2,2.15,9.3,0,Oakwood,384740.0
1599.0,4,2,4569.0,1959,1,5.08,6.7,0,Hillcrest,319189.0
2012.0,4,2,4078.0,1981,0,0.97,6.3,1,Downtown,483305.0
987.0,2,2,12543.0,1994,0,9.19,5.9,0,Downtown,215638.0
2401.0,5,3,2600.0,2016,1,2.42,4.3,0,Maple Grove,420065.0
1680.0,4,3,11197.0,1965,1,5.37,6.4,0,Riverside,336280.0
1460.0,3,2,8257.0,2001,0,7.55,7.1,0,Oakwood,252753.0
2482.0,6,4,3881.0,1963,1,13.19,6.3,1,Downtown,568591.0
1342.0,2,1,,2002,1,10.84,6.9,0,Riverside,279678.0
885.0,1,1,1000.0,1950,3,5.62,5.4,0,Maple Grove,151213.0
788.0,1,1,3680.0,1948,1,2.95,4.5,0,Hillcrest,155753.0
2194.0,4,2,3250.0,1987,2,4.2,6.3,0,Downtown,504453.0
968.0,4,3,6684.0,1986,2,8.79,6.9,0,Maple Grove,221312.0
2941.0,7,5,7775.0,1947,2,12.6,6.2,1,Oakwood,511833.0
450.0,1,1,6629.0,1945,0,0.66,,0,Downtown,157074.0
2903.0,5,4,5865.0,1999,1,2.92,7.7,0,Riverside,556043.0
1937.0,4,3,8651.0,1959,0,8.98,7.7,0,Oakwood,333056.0
1737.0,4,2,8047.0,1991,1,3.39,7.9,0,Riverside,429090.0
1446.0,3,2,3830.0,1990,1,2.42,8.1,0,Hillcrest,319729.0
2059.0,4,3,4067.0,2002,2,3.18,7.3,0,Downtown,469052.0
1776.0,3,2,7821.0,2015,2,5.54,,0,Oakwood,321944.0
2517.0,5,4,5354.0,1983,2,35.0,,0,Downtown,535548.0
1874.0,4,2,5546.0,1947,2,4.08,7.8,0,Riverside,307695.0
1898.0,2,2,5922.0,1974,1,1.4,5.1,0,Maple Grove,284546.0
1564.0,3,2,1842.0,1979,2,1.07,3.5,1,Riverside,290867.0
1763.0,3,2,3735.0,2001,1,0.26,6.1,0,Maple Grove,378714.0
2000.0,4,3,6974.0,1973,2,4.91,7.5,1,Downtown,487900.0
688.0,4,3,3718.0,1994,2,4.72,8.0,0,Downtown,227391.0
924.0,2,2,4845.0,2006,2,1.38,4.5,0,Oakwood,208041.0
2283.0,4,2,6951.0,1996,1,7.13,,0,Maple Grove,444642.0
1911.0,5,3,8890.0,1958,2,8.11,8.3,0,Oakwood,331462.0
1680.0,4,4,9415.0,1979,0,1.8,7.5,0,Downtown,435398.0
1812.0,4,3,9680.0,1972,0,2.53,7.2,0,Maple Grove,348093.0
2026.0,5,4,5089.0,2002,0,27.92,6.3,1,Maple Grove,343921.0
1449.0,5,5,4814.0,1974,1,2.81,5.8,0,Downtown,362142.0
1294.0,2,1,2790.0,1951,2,8.58,7.8,1,Maple Grove,262875.0
1927.0,4,3,10860.0,1983,2,3.62,7.4,0,Hillcrest,451388.0
1164.0,2,1,4707.0,2013,1,9.46,6.0,0,Riverside,244173.0
2065.0,5,4,10734.0,1979,3,8.79,10.0,0,Oakwood,365244.0
693.0,1,1,6359.0,1996,3,6.61,4.1,0,Oakwood,103447.0
2469.0,5,4,9094.0,1958,3,11.58,6.1,0,Oakwood,387235.0
2107.0,4,3,5270.0,2007,2,16.8,5.3,1,Hillcrest,423451.0
1966.0,5,3,7299.0,1980,1,5.2,7.1,0,Downtown,473101.0
2439.0,6,5,9248.0,1968,0,1.63,3.4,0,Riverside,415362.0
2883.0,5,3,4187.0,1984,2,3.05,8.5,0,Maple Grove,526806.0
2459.0,5,4,9705.0,1973,2,8.52,8.1,0,Oakwood,449024.0
603.0,1,1,3012.0,1997,2,6.31,6.9,0,Maple Grove,164345.0
968.0,1,1,12380.0,1966,3,1.17,6.0,0,Maple Grove,198640.0
1394.0,3,3,5934.0,2016,2,0.32,7.6,0,Maple Grove,307275.0
1817.0,3,3,3768.0,1959,1,6.89,7.0,0,Maple Grove,293646.0
2136.0,6,4,8176.0,2013,1,1.73,8.0,0,Oakwood,451422.0
1328.0,3,2,6510.0,2008,0,4.15,6.3,0,Downtown,339747.0
1921.0,3,2,1905.0,1948,2,8.24,6.2,0,Oakwood,266138.0
1309.0,2,1,4446.0,2019,2,4.96,8.2,0,Oakwood,291835.0
1403.0,4,3,3096.0,1962,2,0.52,7.5,0,Downtown,383634.0
886.0,3,2,3254.0,1986,2,1.23,6.2,1,Riverside,258054.0
1200.0,1,1,,1974,3,1.49,7.1,1,Maple Grove,245649.0
921.0,1,1,7127.0,1959,2,1.79,6.8,0,Maple Grove,185503.0
4664.0,4,3,8489.0,2014,2,5.0,7.2,1,Oakwood,255341.0
2485.0,5,3,3579.0,1999,1,4.21,8.5,0,Downtown,622611.0
1183.0,2,2,1596.0,1997,3,1.36,5.9,0,Downtown,299742.0
3511.0,7,5,1100.0,1960,2,0.42,5.5,0,Maple Grove,572965.0
2121.0,2,2,13815.0,2017,1,1.13,6.9,1,Hillcrest,462934.0
1920.0,4,3,5967.0,1978,1,24.96,,0,Oakwood,268295.0
1242.0,3,3,8206.0,1971,3,3.79,5.0,1,Oakwood,285194.0
2255.0,5,4,4957.0,1957,0,12.12,8.1,1,Oakwood,390772.0
1426.0,2,2,1377.0,1971,2,11.33,6.0,0,Maple Grove,269500.0
1879.0,4,3,,2017,1,4.3,3.5,0,Riverside,355683.0
3464.0,6,5,11734.0,2013,2,7.36,7.9,0,Riverside,647443.0
1738.0,4,4,3883.0,1975,2,1.28,5.8,0,Maple Grove,313105.0
2547.0,4,3,1273.0,1947,1,7.0,7.4,0,Maple Grove,460003.0
1343.0,2,3,2781.0,1974,2,1.91,8.2,0,Maple Grove,308039.0
1777.0,3,2,8405.0,1965,3,10.7,6.8,0,Downtown,418205.0
2951.0,6,5,6484.0,1950,2,0.52,3.2,0,Hillcrest,585481.0
1392.0,3,2,9725.0,1976,3,8.9,,0,Downtown,282142.0
2978.0,6,5,5525.0,1986,2,0.63,5.4,0,Riverside,561201.0
2260.0,5,3,7709.0,2006,1,12.78,6.4,0,Downtown,515740.0
5736.0,2,1,4377.0,1976,2,2.18,8.4,0,Riverside,324320.0
2211.0,4,2,2909.0,1983,2,6.37,7.0,0,Oakwood,372903.0
2432.0,5,4,7720.0,2008,0,4.01,10.0,1,Maple Grove,535376.0
2204.0,7,5,8473.0,1974,1,2.74,4.1,0,Oakwood,391671.0
779.0,1,1,3934.0,2007,0,6.22,6.7,0,Maple Grove,195727.0
1327.0,4,2,11211.0,1975,2,17.68,5.8,1,Oakwood,236506.0
1639.0,4,4,11365.0,1984,2,0.25,6.9,0,Oakwood,321606.0
1752.0,4,3,3200.0,1977,0,15.07,9.3,1,Hillcrest,404632.0
2203.0,6,4,3285.0,2007,2,5.64,9.4,0,Hillcrest,528094.0
1916.0,4,3,3373.0,1969,3,9.88,6.6,1,Downtown,452480.0
932.0,2,2,5145.0,1980,1,2.91,7.9,1,Maple Grove,210901.0
2047.0,4,3,4490.0,1968,2,3.83,6.8,0,Riverside,415171.0
2197.0,5,4,2539.0,2002,3,12.19,4.8,0,Maple Grove,362729.0
2164.0,5,3,3428.0,1983,3,3.22,6.5,1,Riverside,454886.0
2503.0,5,4,1397.0,1990,1,4.59,5.7,1,Maple Grove,425320.0
2342.0,4,3,1567.0,2021,0,0.2,6.4,1,Oakwood,400416.0
2098.0,4,2,2248.0,1954,1,1.04,5.1,0,Maple Grove,358570.0
1754.0,3,2,13435.0,1976,2,6.16,6.7,1,Hillcrest,406170.0
720.0,1,1,12628.0,1980,2,7.57,7.0,0,Riverside,180606.0
2079.0,5,4,7945.0,1972,2,5.24,7.6,0,Maple Grove,387430.0
1935.0,4,3,,1960,1,0.93,7.0,0,Oakwood,365272.0
1977.0,4,3,2226.0,1960,1,3.54,9.1,0,Oakwood,360839.0
970.0,2,1,5465.0,1962,2,2.63,10.0,0,Maple Grove,238518.0
1097.0,3,3,6871.0,1952,2,4.11,5.9,0,Riverside,230832.0
2485.0,3,2,3613.0,2019,2,12.26,8.1,0,Oakwood,395256.0
1774.0,3,2,6685.0,2014,2,8.97,9.9,0,Downtown,476438.0
2243.0,5,3,2765.0,1945,1,0.53,,1,Maple Grove,410689.0
1818.0,5,4,4001.0,2006,1,13.26,7.6,0,Riverside,399854.0
1819.0,3,3,4792.0,2020,1,3.83,3.6,0,Downtown,383195.0
2410.0,3,2,12815.0,1982,1,8.17,5.6,0,Hillcrest,466945.0
1465.0,3,3,3400.0,1989,0,0.91,5.8,0,Maple Grove,284135.0
1862.0,3,2,6854.0,2002,1,6.67,8.7,0,Maple Grove,356210.0
1500.0,2,2,3111.0,1945,0,1.62,5.3,0,Hillcrest,305508.0
1518.0,3,2,2869.0,1976,1,3.46,6.4,0,Hillcrest,340960.0
1599.0,3,3,3604.0,1952,2,0.2,7.8,1,Oakwood,328583.0
1944.0,3,2,5564.0,1984,1,0.99,5.3,0,Riverside,336479.0
1489.0,1,1,11939.0,2000,2,0.58,6.9,0,Hillcrest,318836.0
2616.0,6,5,3909.0,2007,2,1.64,6.7,0,Maple Grove,467618.0
1219.0,3,3,8505.0,2018,2,0.63,7.9,0,Hillcrest,335163.0
1679.0,4,3,13132.0,2018,3,7.06,7.6,0,Riverside,419144.0
1514.0,2,1,6271.0,1980,0,0.2,7.5,0,Downtown,360941.0
2741.0,5,3,9282.0,2001,2,5.77,6.8,0,Downtown,656260.0
1928.0,4,2,3495.0,2018,3,0.91,3.8,0,Hillcrest,403773.0
2471.0,5,4,6761.0,1989,3,17.42,6.7,0,Hillcrest,490743.0
834.0,2,2,7646.0,1946,1,16.23,6.6,0,Downtown,193609.0
1974.0,3,2,2467.0,2012,1,1.53,7.7,1,Oakwood,364884.0
2378.0,5,3,,1994,1,5.72,5.8,0,Maple Grove,418230.0
1853.0,4,3,4680.0,1973,2,0.2,6.6,0,Hillcrest,371859.0
2493.0,6,3,3661.0,1954,2,16.11,6.6,0,Oakwood,364798.0
1464.0,3,3,4975.0,1971,1,4.44,5.4,1,Oakwood,231545.0
2716.0,6,4,2256.0,1959,2,0.27,4.7,1,Maple Grove,494955.0
3294.0,7,5,12487.0,2004,2,2.52,7.1,0,Maple Grove,573539.0
1564.0,4,3,8944.0,1975,2,0.48,8.1,1,Oakwood,362887.0
1510.0,3,2,23139.0,1965,3,2.99,5.5,0,Riverside,324562.0
2745.0,5,3,2644.0,2004,2,6.65,6.2,1,Riverside,533087.0
2827.0,7,5,6896.0,2002,0,3.81,7.8,0,Oakwood,483966.0
1460.0,3,2,3680.0,1985,2,2.9,8.0,0,Hillcrest,320476.0
1527.0,3,2,2859.0,1990,1,0.76,6.9,0,Downtown,367322.0
1617.0,3,2,8692.0,1989,2,1.69,7.2,0,Hillcrest,396324.0
926.0,2,1,5660.0,1970,3,0.63,7.4,0,Hillcrest,294698.0
1203.0,3,1,4511.0,1995,3,9.89,7.6,0,Riverside,269201.0
1147.0,2,2,6368.0,1980,2,0.87,4.8,0,Riverside,209596.0
1301.0,3,2,3382.0,1996,1,5.43,9.6,0,Oakwood,249841.0
1777.0,5,3,3318.0,1995,1,2.52,6.9,0,Riverside,333458.0
1952.0,5,4,3754.0,1947,2,1.54,7.7,1,Riverside,407888.0
2808.0,6,5,9564.0,1958,0,6.12,5.3,1,Hillcrest,553739.0
1151.0,3,2,9176.0,1993,2,3.66,6.2,1,Maple Grove,257557.0
2440.0,4,3,2571.0,2021,0,3.07,7.1,0,Hillcrest,483926.0
1661.0,4,3,12218.0,1945,1,5.39,3.6,0,Maple Grove,253156.0
1768.0,5,3,5410.0,2001,1,4.05,5.1,0,Hillcrest,381084.0
2239.0,4,3,6838.0,1961,3,2.17,5.3,0,Hillcrest,465730.0
1070.0,1,1,3687.0,1994,2,4.91,,0,Oakwood,158238.0
2049.0,4,3,5561.0,1958,1,6.64,6.7,0,Maple Grove,367990.0
1908.0,3,1,2849.0,2003,0,0.2,6.4,1,Riverside,395636.0
2120.0,4,3,3545.0,1947,2,3.76,8.8,0,Riverside,362983.0
1988.0,4,3,8332.0,1984,1,0.36,,1,Oakwood,389130.0
3396.0,6,5,8431.0,2010,2,1.24,6.9,0,Maple Grove,627837.0
1385.0,3,2,6999.0,1978,2,4.93,5.1,0,Maple Grove,278134.0
1455.0,4,4,4356.0,1953,2,12.07,3.8,0,Hillcrest,254149.0
1395.0,2,1,2545.0,1965,2,12.86,7.4,0,Hillcrest,293301.0
1439.0,4,3,10143.0,1969,2,0.44,7.6,1,Downtown,426886.0
1386.0,3,3,8745.0,1988,3,3.26,7.4,0,Maple Grove,287327.0
2573.0,6,5,1729.0,1969,3,5.25,4.4,0,Hillcrest,528510.0
2723.0,5,4,8504.0,1953,2,0.95,6.6,0,Maple Grove,480970.0
1429.0,4,3,4510.0,2006,1,8.7,7.5,0,Oakwood,262171.0
1259.0,2,1,7775.0,1970,2,8.18,8.0,0,Oakwood,229841.0
2106.0,5,3,2274.0,2001,1,14.02,7.5,0,Maple Grove,375303.0
1441.0,3,1,3795.0,1981,2,0.2,8.0,0,Riverside,305125.0
2211.0,5,4,5776.0,1960,2,1.47,8.2,0,Maple Grove,408678.0
1932.0,3,3,12490.0,1981,0,10.53,6.7,0,Downtown,431223.0
815.0,1,2,5784.0,2020,1,6.66,7.3,1,Maple Grove,221659.0
2806.0,6,5,9371.0,1968,2,13.49,8.1,1,Oakwood,486760.0
2967.0,5,4,6194.0,1970,3,0.35,7.1,0,Hillcrest,578119.0
1402.0,3,2,6080.0,1964,2,5.45,8.4,0,Downtown,342499.0
1548.0,2,1,7193.0,1953,2,5.05,7.9,0,Hillcrest,311218.0
1986.0,5,4,5334.0,1973,1,0.22,5.5,1,Downtown,518531.0
2017.0,3,2,8232.0,1975,2,4.32,4.4,0,Maple Grove,343285.0
2228.0,5,4,2971.0,1963,2,5.64,6.5,1,Hillcrest,469002.0
3107.0,7,5,5353.0,1964,2,1.27,4.6,0,Oakwood,493987.0
1685.0,3,2,13022.0,1971,0,1.92,6.6,0,Maple Grove,312798.0
1281.0,3,3,9567.0,1988,2,6.14,6.5,0,Oakwood,269680.0
903.0,2,2,6474.0,1979,1,3.79,8.6,0,Oakwood,166071.0
1325.0,2,2,8910.0,2015,1,11.71,7.3,0,Riverside,277512.0
1778.0,3,3,11309.0,1966,3,2.51,8.1,0,Maple Grove,348620.0
2966.0,4,3,1583.0,2018,1,1.86,5.7,0,Oakwood,491686.0
1464.0,3,2,4742.0,1959,1,25.14,8.9,0,Oakwood,244025.0
1945.0,3,3,3787.0,1957,2,14.52,7.9,1,Maple Grove,332360.0
1789.0,4,2,2375.0,1948,3,0.2,7.2,0,Maple Grove,309238.0
2572.0,5,4,13958.0,2000,2,8.84,3.6,1,Riverside,466448.0
3443.0,7,5,7368.0,1967,2,0.7,8.4,1,Hillcrest,759479.0
1455.0,3,2,8753.0,1978,3,0.2,9.3,1,Maple Grove,360250.0
1482.0,3,2,3880.0,1961,1,1.92,,1,Riverside,297575.0
2479.0,6,5,4688.0,1972,1,1.88,6.6,1,Maple Grove,455391.0
2243.0,5,4,5485.0,1958,1,10.27,5.7,0,Downtown,458385.0
3000.0,6,4,6727.0,1978,2,7.44,3.9,0,Hillcrest,535846.0
2180.0,5,4,8078.0,2019,0,23.98,5.6,0,Downtown,457406.0
1566.0,2,1,1811.0,2001,1,7.46,9.2,0,Hillcrest,369186.0
2184.0,5,4,7819.0,2021,2,3.25,8.2,1,Riverside,471562.0
2521.0,6,5,4856.0,1999,2,7.2,5.3,0,Hillcrest,506980.0
2333.0,4,3,11532.0,2010,2,35.0,5.6,0,Riverside,346363.0
2130.0,4,3,10375.0,1981,2,7.43,9.9,0,Oakwood,387130.0
2493.0,5,3,6380.0,2012,1,8.6,4.9,1,Riverside,442358.0
2560.0,5,4,5593.0,2020,2,16.72,5.4,0,Maple Grove,426476.0
2698.0,6,5,4659.0,1970,2,0.72,5.8,0,Oakwood,479289.0
2222.0,6,5,6747.0,2005,3,7.32,4.3,0,Oakwood,403249.0
1691.0,4,3,10102.0,2011,1,11.42,5.6,0,Oakwood,276236.0
1895.0,3,3,5660.0,2018,3,18.52,5.7,0,Hillcrest,376497.0
2584.0,6,3,4051.0,1996,2,1.42,5.1,0,Downtown,585096.0
1269.0,4,2,5594.0,1962,0,4.21,8.6,1,Hillcrest,298425.0
2040.0,4,3,6441.0,1997,2,6.85,4.6,0,Riverside,377768.0
1544.0,4,2,2856.0,2007,0,1.71,6.3,0,Riverside,341246.0
1819.0,5,3,2439.0,1997,3,5.5,5.1,1,Downtown,435755.0
2631.0,6,5,4109.0,1971,3,1.79,6.2,1,Maple Grove,452127.0
1924.0,4,3,11520.0,1975,1,2.43,5.0,1,Riverside,324693.0
1830.0,4,3,9818.0,1945,1,3.5,6.6,0,Riverside,358008.0
916.0,2,2,2109.0,1950,1,4.52,7.0,1,Riverside,212219.0
2285.0,5,4,3233.0,1955,1,3.58,8.7,0,Hillcrest,494333.0
2220.0,4,3,8008.0,1978,1,4.08,5.6,0,Oakwood,378962.0
3206.0,7,5,4395.0,2007,1,2.13,9.1,0,Maple Grove,566057.0
1600.0,3,2,6933.0,1997,2,1.04,5.2,0,Riverside,303071.0
1942.0,5,4,2184.0,1962,1,0.29,6.1,0,Riverside,390075.0
1962.0,4,3,5535.0,1965,2,1.31,9.3,0,Oakwood,389701.0
2825.0,5,3,5238.0,1963,2,5.23,10.0,1,Hillcrest,601047.0
1738.0,4,3,8774.0,1948,2,9.25,9.2,0,Hillcrest,356057.0
1981.0,2,1,6727.0,2021,3,1.11,6.1,0,Riverside,397021.0
2195.0,5,4,5921.0,1973,1,0.69,7.3,0,Maple Grove,418197.0
1921.0,5,4,1883.0,1969,0,8.3,7.6,0,Oakwood,309612.0
1510.0,3,2,13233.0,2000,2,2.18,,1,Hillcrest,335961.0
1926.0,4,3,7718.0,2021,2,18.16,4.9,1,Downtown,435744.0
2498.0,7,5,3699.0,2007,2,7.52,6.9,1,Oakwood,444490.0
1133.0,2,2,5843.0,1971,3,2.37,5.7,0,Maple Grove,235418.0
7544.0,3,2,4468.0,2004,3,2.05,5.0,0,Maple Grove,348928.0
1345.0,4,4,4930.0,1993,2,4.45,6.0,0,Oakwood,243446.0
2577.0,7,5,9741.0,2009,2,0.49,7.0,0,Downtown,641897.0
810.0,2,2,3224.0,1982,0,0.75,8.1,0,Oakwood,170767.0
1437.0,4,2,7881.0,1996,1,1.16,6.1,0,Hillcrest,301417.0
2045.0,5,4,9948.0,1945,2,8.94,6.4,0,Oakwood,310373.0
2818.0,5,4,7266.0,1984,2,4.33,7.8,0,Maple Grove,510078.0
1757.0,3,2,,1965,2,0.2,6.6,0,Riverside,380832.0
1439.0,4,3,3551.0,1959,1,6.72,7.1,0,Riverside,289174.0
3023.0,7,5,3832.0,1994,2,3.31,6.6,0,Oakwood,557327.0
859.0,2,2,5906.0,1992,1,4.29,6.8,0,Riverside,238442.0
450.0,1,1,5654.0,1976,2,1.45,4.8,0,Downtown,154660.0
2086.0,6,5,8379.0,1993,1,4.81,6.7,0,Riverside,461167.0
1474.0,3,2,2281.0,2012,0,23.22,8.8,1,Hillcrest,341972.0
1136.0,2,2,9680.0,1989,1,0.46,6.8,1,Oakwood,274846.0
2260.0,5,4,17538.0,1976,1,2.0,5.2,0,Hillcrest,436450.0
1958.0,5,4,5319.0,1948,3,1.67,8.9,0,Downtown,490674.0
1433.0,4,3,4892.0,2009,0,1.71,7.7,0,Maple Grove,292082.0
968.0,2,1,5142.0,2015,1,2.86,7.7,0,Maple Grove,251445.0
2367.0,5,5,5800.0,2017,2,10.23,7.7,1,Maple Grove,455718.0
2223.0,4,2,4688.0,2009,2,14.64,4.7,1,Hillcrest,467083.0
1736.0,4,3,1604.0,1962,0,1.36,7.5,1,Oakwood,327090.0
3000.0,4,3,5082.0,1998,0,4.7,8.7,0,Hillcrest,603585.0
1104.0,2,2,3139.0,1991,3,6.08,5.7,1,Maple Grove,228412.0
808.0,2,1,5983.0,1950,2,4.43,3.4,0,Riverside,141288.0
1350.0,2,1,10204.0,2010,1,3.42,7.1,1,Downtown,367327.0
1770.0,4,3,3200.0,1953,2,1.28,,0,Riverside,347272.0
1958.0,4,3,12229.0,2012,1,4.02,4.0,0,Downtown,431847.0
1643.0,5,4,4516.0,1967,1,3.08,7.5,0,Downtown,405061.0
2029.0,5,4,3422.0,1987,2,9.52,7.3,0,Downtown,513601.0
986.0,2,2,7720.0,1995,3,8.65,4.2,0,Downtown,282237.0
2738.0,5,3,4239.0,2016,1,0.86,,1,Maple Grove,525567.0
1747.0,3,2,5373.0,1969,2,0.56,7.7,0,Downtown,442935.0
2526.0,5,4,5567.0,1979,1,14.33,3.5,0,Maple Grove,373939.0
2023.0,4,2,7497.0,1961,1,4.6,7.8,0,Oakwood,341377.0
2097.0,4,3,5289.0,1962,0,11.7,7.8,0,Oakwood,316098.0
2170.0,3,2,4987.0,1971,1,0.36,8.8,1,Downtown,545920.0
2091.0,5,4,4453.0,1959,3,4.49,5.5,0,Oakwood,369982.0
2218.0,5,3,7120.0,2013,2,4.65,7.8,0,Oakwood,423219.0
2664.0,5,5,4119.0,1959,0,11.83,6.1,1,Downtown,582370.0
1928.0,5,3,10374.0,1986,3,0.62,5.6,1,Downtown,468952.0
2261.0,4,3,5599.0,1978,3,1.65,5.1,0,Hillcrest,456410.0
1742.0,4,3,1947.0,1992,2,3.13,3.5,1,Oakwood,314151.0
2736.0,6,4,6438.0,1952,3,12.05,7.4,0,Oakwood,439706.0
1360.0,3,3,6983.0,1954,1,16.77,6.1,1,Downtown,300010.0
2971.0,6,4,10432.0,1949,2,29.54,2.1,0,Riverside,407645.0
1774.0,3,3,3641.0,1992,2,19.19,6.6,1,Oakwood,325473.0
870.0,2,2,3347.0,1970,3,0.2,8.4,0,Riverside,254940.0
1883.0,4,3,7623.0,1967,2,0.29,4.4,0,Riverside,383866.0
1357.0,2,1,9582.0,2006,1,0.96,5.4,0,Oakwood,264730.0
2346.0,5,4,3561.0,1957,2,2.57,7.2,0,Riverside,426087.0
1376.0,2,1,6320.0,1953,1,10.63,,1,Oakwood,181507.0
1510.0,3,2,5337.0,1964,1,13.39,5.6,0,Hillcrest,267031.0
572.0,1,1,3631.0,2001,0,1.24,7.1,0,Riverside,153367.0
1506.0,3,2,5174.0,1968,3,5.8,5.6,0,Oakwood,285577.0
450.0,1,2,9243.0,1977,1,14.96,4.4,0,Maple Grove,60000.0
770.0,1,1,5611.0,1964,2,3.74,4.5,1,Hillcrest,171454.0
2294.0,5,4,5030.0,2004,1,0.66,3.9,0,Oakwood,379385.0
2311.0,5,4,7422.0,1992,3,3.67,5.5,0,Maple Grove,397869.0
2077.0,4,3,9663.0,2008,1,2.83,8.2,0,Oakwood,393836.0
1171.0,1,1,3168.0,1974,2,5.17,10.0,1,Riverside,273545.0
1769.0,3,3,6454.0,2017,3,3.46,6.6,0,Maple Grove,379657.0
1798.0,3,2,4532.0,1961,2,0.2,7.7,0,Maple Grove,337731.0
1047.0,2,2,5625.0,1958,1,30.69,5.0,1,Downtown,181697.0
2777.0,5,4,7718.0,1963,2,4.71,3.2,0,Hillcrest,520752.0
2370.0,4,3,4726.0,2015,3,3.85,9.5,0,Hillcrest,484044.0
1656.0,3,2,5268.0,2003,2,18.56,5.5,1,Riverside,268381.0
1817.0,4,2,8866.0,2011,1,1.02,7.6,1,Riverside,407885.0
1935.0,4,3,6897.0,1988,3,1.26,6.8,1,Downtown,499712.0
473.0,1,1,5206.0,1976,1,9.9,8.1,1,Maple Grove,135168.0
1639.0,3,3,5911.0,1955,2,1.81,8.0,0,Riverside,371956.0
1357.0,2,1,5689.0,1946,2,9.63,,0,Hillcrest,280785.0
1149.0,2,1,,2012,1,1.9,7.1,0,Riverside,289502.0
1617.0,3,2,5963.0,1961,2,0.2,8.4,0,Downtown,354720.0
2968.0,6,4,2599.0,1984,2,4.37,5.8,1,Hillcrest,642144.0
2217.0,3,3,9528.0,1990,3,1.31,9.0,1,Hillcrest,509194.0
1429.0,3,2,2563.0,1948,1,8.51,5.4,0,Riverside,247380.0
2172.0,5,4,4412.0,1982,2,6.15,6.6,1,Oakwood,419171.0
2710.0,6,4,3970.0,2007,2,15.43,7.5,0,Downtown,544393.0
2401.0,7,5,11285.0,1973,0,9.17,3.9,0,Riverside,420871.0
1839.0,4,4,,1963,0,1.2,,0,Riverside,410701.0
1379.0,2,2,1212.0,1973,3,9.66,7.3,0,Hillcrest,283084.0
2254.0,4,2,5465.0,1979,1,6.16,10.0,0,Downtown,546699.0
2056.0,3,2,2868.0,2014,3,6.63,9.8,1,Riverside,457226.0
2382.0,5,4,5974.0,1967,1,10.71,6.5,0,Downtown,512087.0
2213.0,4,3,7630.0,1990,1,5.12,9.4,1,Maple Grove,452482.0
2482.0,6,5,6235.0,1988,2,3.76,7.9,0,Riverside,529045.0
1452.0,2,1,7863.0,1992,2,6.07,6.9,0,Hillcrest,330832.0
2656.0,5,4,4794.0,1996,2,2.12,3.8,0,Riverside,499786.0
1928.0,3,1,6336.0,1952,2,1.21,4.2,0,Riverside,313320.0
3149.0,7,5,7723.0,1999,2,5.75,6.5,1,Riverside,617286.0
1352.0,2,1,4322.0,2010,1,1.6,5.7,0,Oakwood,257894.0
2928.0,7,5,3394.0,2021,2,0.5,6.9,1,Maple Grove,590263.0
1929.0,5,4,3852.0,1984,1,0.2,8.7,1,Oakwood,364390.0
1377.0,3,3,5169.0,1975,2,5.62,7.9,1,Hillcrest,367547.0
1485.0,3,1,5543.0,1992,1,2.7,5.4,0,Oakwood,238594.0
1592.0,3,2,6524.0,2005,1,8.37,8.0,1,Oakwood,359177.0
2076.0,3,2,3643.0,1996,2,2.82,5.0,0,Downtown,432751.0
2140.0,4,3,7835.0,1982,0,3.99,4.7,0,Hillcrest,393027.0
1427.0,4,4,12558.0,1980,0,3.14,7.1,0,Maple Grove,295265.0
1784.0,4,3,3986.0,1999,2,6.31,5.2,1,Maple Grove,363099.0
3192.0,5,4,15979.0,1957,2,2.64,5.5,0,Oakwood,524298.0
2923.0,6,5,13391.0,1981,3,19.91,8.1,0,Hillcrest,622488.0
2084.0,6,5,5534.0,1991,2,16.51,7.6,0,Riverside,397835.0
1825.0,5,3,5088.0,2015,0,11.3,5.9,0,Hillcrest,364988.0
1878.0,4,3,3821.0,1966,2,15.18,3.9,0,Maple Grove,274527.0
2199.0,5,4,8412.0,1983,0,3.58,5.3,1,Riverside,414526.0
1135.0,2,2,5728.0,2002,2,4.61,9.6,0,Oakwood,226394.0
1633.0,2,1,6043.0,1974,3,8.13,8.0,1,Hillcrest,351403.0
715.0,1,1,3435.0,1962,2,7.15,8.8,0,Hillcrest,167094.0
2059.0,5,4,8530.0,1962,2,13.28,6.9,1,Riverside,413953.0
2221.0,4,3,4877.0,2018,1,7.56,5.9,0,Maple Grove,426724.0
1486.0,3,2,2993.0,1983,2,35.0,7.9,0,Downtown,277970.0
2823.0,5,2,5309.0,1970,3,2.57,8.6,0,Riverside,517637.0
1003.0,4,3,3561.0,2015,1,10.74,5.7,0,Riverside,237766.0
848.0,3,2,,1951,1,7.18,5.4,1,Hillcrest,207267.0
1946.0,6,3,13305.0,2013,2,7.05,4.1,0,Riverside,399935.0
2481.0,5,2,5388.0,2009,2,2.37,5.3,1,Riverside,453511.0
2895.0,6,5,9202.0,1990,1,9.24,7.6,1,Downtown,643535.0
1502.0,2,2,9090.0,1962,3,13.84,5.5,0,Downtown,330840.0
2501.0,6,4,1000.0,1957,0,1.48,8.0,0,Hillcrest,519242.0
1775.0,3,3,3855.0,1969,1,5.89,9.6,0,Oakwood,351466.0
1688.0,4,3,5859.0,1952,2,2.99,6.5,0,Hillcrest,347432.0
2374.0,4,4,4382.0,2018,1,27.37,6.5,0,Maple Grove,385228.0
2224.0,4,2,3690.0,1976,2,3.91,7.4,1,Oakwood,404711.0
775.0,1,1,9391.0,1961,1,1.56,5.6,0,Hillcrest,151366.0
2760.0,5,3,4290.0,1992,0,2.89,5.5,0,Maple Grove,465534.0
2697.0,5,4,6532.0,2007,1,6.37,5.5,0,Hillcrest,494329.0
1393.0,2,1,8987.0,1984,3,0.47,4.7,0,Hillcrest,336285.0
2057.0,5,4,10743.0,1959,2,5.55,7.9,1,Oakwood,360844.0
2121.0,3,2,3001.0,1950,2,16.06,5.7,1,Downtown,416010.0
1969.0,4,3,3153.0,2007,1,11.4,8.3,0,Downtown,457222.0
1442.0,4,3,6169.0,1952,2,0.42,7.3,1,Hillcrest,338891.0
1363.0,2,3,1590.0,1976,2,30.11,6.5,0,Maple Grove,238557.0
1783.0,3,2,3241.0,1989,3,7.2,7.8,0,Riverside,340375.0
2562.0,5,3,9900.0,1996,2,1.06,5.0,0,Riverside,473025.0
2153.0,5,4,7534.0,1957,2,0.2,5.3,1,Riverside,412263.0
1559.0,3,2,5169.0,1968,0,1.13,7.6,0,Hillcrest,329734.0
9208.0,4,4,6979.0,1984,2,10.93,,0,Riverside,385264.0
450.0,1,1,7793.0,1958,2,0.2,6.5,0,Hillcrest,165590.0
2547.0,4,3,2419.0,2019,3,1.59,7.4,0,Oakwood,457772.0
669.0,2,1,4249.0,2014,1,8.5,8.6,1,Oakwood,164159.0
1564.0,3,3,10561.0,2006,1,5.29,8.9,0,Riverside,351544.0
1072.0,2,1,,2005,2,9.16,6.3,1,Maple Grove,196344.0
958.0,1,1,6412.0,1945,1,8.23,7.7,0,Downtown,252341.0
2555.0,4,4,5396.0,2010,1,0.31,5.2,0,Maple Grove,445837.0
1496.0,3,2,1866.0,1976,3,13.38,5.8,0,Downtown,310351.0
2025.0,5,4,3951.0,1957,2,1.55,8.7,0,Riverside,378640.0
1770.0,3,3,,1977,3,4.84,6.4,0,Riverside,341292.0
2110.0,5,3,4303.0,1976,2,6.2,6.8,0,Maple Grove,420034.0
1850.0,2,2,3064.0,2000,1,1.11,4.8,0,Hillcrest,386399.0
966.0,1,1,3298.0,1968,2,22.44,,1,Riverside,196836.0
2448.0,5,4,10667.0,1948,0,4.02,7.7,0,Hillcrest,506300.0
1479.0,2,1,4178.0,1967,3,0.36,7.7,0,Oakwood,221804.0
788.0,1,1,9628.0,1973,2,16.61,4.6,0,Oakwood,119061.0
1522.0,3,3,6427.0,1965,1,5.3,8.1,0,Riverside,320207.0
2775.0,6,5,4863.0,1974,1,7.21,4.9,0,Maple Grove,487572.0
2353.0,5,4,3594.0,1964,2,4.47,6.5,1,Riverside,454923.0
1573.0,1,1,7635.0,1960,1,10.8,3.9,0,Oakwood,201554.0
1573.0,1,1,9053.0,2011,1,0.2,6.2,1,Oakwood,297102.0
1591.0,3,3,8000.0,1993,2,1.87,4.9,1,Riverside,327924.0
3150.0,7,5,2572.0,2002,2,3.81,5.8,0,Downtown,705597.0
2048.0,2,1,4172.0,1988,1,0.48,6.6,0,Riverside,376603.0
2080.0,4,3,4446.0,1969,2,7.34,7.8,0,Oakwood,338782.0
2470.0,5,3,1637.0,1967,3,3.0,7.8,0,Maple Grove,462936.0
1955.0,5,3,6944.0,2003,0,1.91,2.8,1,Oakwood,316352.0
1632.0,3,2,7442.0,1945,3,0.2,7.6,1,Oakwood,311725.0
1672.0,4,3,7314.0,1959,1,7.63,6.8,0,Downtown,372547.0
1753.0,4,3,6721.0,1996,2,10.77,5.6,0,Downtown,400216.0
1776.0,2,2,4650.0,2002,2,3.02,5.1,1,Maple Grove,302894.0
2273.0,5,4,3516.0,1985,2,4.98,6.4,0,Riverside,436315.0
1834.0,4,3,4641.0,1988,3,1.55,6.9,1,Maple Grove,401247.0
2276.0,5,4,6453.0,1948,0,5.84,7.1,1,Hillcrest,476791.0
1748.0,7,5,10069.0,2021,1,0.2,6.2,0,Hillcrest,425211.0
1851.0,2,2,5727.0,2012,2,4.02,2.5,0,Riverside,313458.0
501.0,2,2,5628.0,1951,2,6.2,5.7,0,Riverside,132576.0
2396.0,5,4,1733.0,1990,1,15.02,,0,Downtown,491200.0
2025.0,4,3,6670.0,1953,2,2.88,9.8,0,Maple Grove,432249.0
2449.0,5,3,10428.0,1977,1,8.69,6.6,0,Downtown,494604.0
450.0,1,1,5190.0,1977,1,5.46,7.7,1,Riverside,154272.0
3157.0,6,5,4988.0,1948,2,15.7,7.5,0,Riverside,550410.0
1709.0,4,3,4490.0,2009,0,3.05,7.0,0,Hillcrest,384490.0
2520.0,4,3,7764.0,1978,2,2.31,5.8,0,Hillcrest,516031.0
1124.0,3,2,1681.0,2008,0,13.09,5.6,0,Riverside,204653.0
2198.0,4,4,9633.0,1969,1,0.3,,0,Riverside,374011.0
1115.0,1,1,4874.0,1999,2,0.88,6.7,0,Oakwood,229166.0
1395.0,2,2,6731.0,1953,2,0.52,,0,Downtown,357245.0
3044.0,7,5,8066.0,1961,2,11.11,6.4,0,Hillcrest,594895.0
1676.0,3,2,3275.0,1965,2,0.2,6.7,0,Maple Grove,340405.0
1941.0,4,3,5443.0,2004,1,11.87,4.6,0,Downtown,401952.0
2366.0,4,3,4818.0,1957,2,3.6,6.0,0,Riverside,438095.0
2122.0,5,4,2843.0,1947,3,0.2,5.5,0,Hillcrest,410257.0
1898.0,4,3,9017.0,2012,3,3.08,7.6,1,Maple Grove,452536.0
2037.0,6,4,4614.0,1948,1,1.24,6.6,0,Maple Grove,374357.0
3362.0,7,5,2776.0,1951,0,5.88,5.5,0,Maple Grove,536316.0
1763.0,4,4,5615.0,1970,3,6.82,6.2,1,Oakwood,325419.0
1931.0,4,3,2342.0,2019,2,4.01,4.8,0,Hillcrest,387132.0
2483.0,6,5,4304.0,1968,2,0.25,6.0,1,Maple Grove,446105.0
2519.0,4,4,6388.0,1954,2,6.4,7.4,0,Hillcrest,510185.0
2572.0,6,5,2197.0,1957,1,11.07,4.4,0,Oakwood,396416.0
2215.0,4,3,7518.0,1988,2,7.64,6.4,0,Maple Grove,399345.0
1057.0,2,1,5766.0,1983,3,10.63,5.3,0,Oakwood,182690.0
2862.0,6,4,8089.0,1963,2,1.34,4.4,0,Riverside,510288.0
1055.0,2,1,8044.0,1995,1,13.18,9.5,0,Riverside,208546.0
1997.0,4,3,4224.0,1963,1,2.33,8.5,0,Hillcrest,426207.0
1310.0,3,2,4287.0,2020,1,0.2,5.5,1,Oakwood,274297.0
1758.0,5,5,6981.0,1996,2,11.12,,0,Riverside,343128.0
2014.0,5,4,2990.0,1991,1,17.07,3.3,0,Hillcrest,366295.0
2009.0,5,3,3002.0,1974,0,6.39,4.0,0,Hillcrest,374557.0
2074.0,4,3,3912.0,1990,3,1.58,4.7,0,Hillcrest,428938.0
2849.0,5,3,,2020,1,1.74,6.4,1,Riverside,549016.0
2095.0,5,4,2757.0,1965,0,3.77,6.3,0,Hillcrest,440108.0
1641.0,4,3,2811.0,2019,1,13.69,7.0,0,Riverside,336803.0
2427.0,6,5,,1992,1,0.97,7.6,0,Oakwood,488332.0
2573.0,5,3,4511.0,2006,2,10.49,6.9,1,Oakwood,459980.0
1002.0,2,2,8698.0,2002,3,2.07,4.8,0,Maple Grove,187137.0
2188.0,3,2,4667.0,1962,3,9.92,7.0,0,Oakwood,329523.0
2256.0,4,3,5231.0,2003,2,15.17,7.5,0,Riverside,408318.0
1607.0,4,3,12117.0,1992,2,3.35,5.8,0,Oakwood,288385.0
2694.0,5,4,1243.0,2007,2,2.73,3.5,0,Downtown,580590.0
1702.0,4,3,6081.0,1956,1,9.72,8.4,0,Maple Grove,328743.0
1882.0,4,3,4877.0,1978,0,4.52,6.6,1,Maple Grove,344439.0
1688.0,4,4,6393.0,2005,3,6.92,2.1,0,Riverside,338161.0
1810.0,3,2,4046.0,1997,1,5.85,9.8,0,Riverside,409151.0
1087.0,2,2,4651.0,1969,1,1.0,5.7,0,Riverside,187465.0
864.0,1,1,9839.0,2006,2,11.18,10.0,0,Hillcrest,215257.0
2836.0,6,4,6933.0,1948,2,1.31,7.1,0,Riverside,553450.0
1249.0,1,1,4775.0,1957,0,16.15,6.2,0,Riverside,211790.0
1156.0,3,3,3563.0,1986,1,1.73,6.8,0,Downtown,324535.0
450.0,2,1,2984.0,1993,1,7.94,5.4,0,Oakwood,101007.0
1385.0,3,2,4185.0,2022,2,2.01,6.6,0,Riverside,305353.0
940.0,3,2,5000.0,2000,1,2.29,9.7,0,Oakwood,247291.0
11468.0,5,3,12095.0,1991,2,2.23,5.1,0,Oakwood,476079.0
2456.0,6,5,5857.0,1952,2,8.27,7.4,0,Downtown,581751.0
1353.0,3,2,3797.0,1999,3,4.88,5.3,0,Maple Grove,249827.0
3264.0,6,5,1247.0,1962,1,12.87,6.2,0,Riverside,552720.0
2438.0,6,4,3507.0,1979,1,2.2,9.7,1,Oakwood,483094.0
1589.0,2,2,4188.0,1976,2,7.07,7.3,0,Maple Grove,297648.0
450.0,1,1,6148.0,1968,2,8.39,7.7,0,Maple Grove,137513.0
3289.0,6,5,4270.0,1951,0,0.99,6.6,1,Oakwood,558005.0
897.0,1,1,12375.0,1957,2,3.07,10.0,0,Hillcrest,248664.0
730.0,1,1,4820.0,2013,0,3.96,5.0,1,Riverside,152007.0
2465.0,6,4,8844.0,1986,0,2.64,4.0,0,Hillcrest,471218.0
3386.0,7,5,2087.0,1975,2,2.33,9.2,0,Maple Grove,590962.0
2700.0,6,4,5293.0,2018,1,6.96,5.9,0,Downtown,556639.0
2167.0,4,3,3527.0,1970,2,1.46,7.2,0,Downtown,523837.0
2187.0,3,3,8965.0,2020,2,7.41,9.2,1,Riverside,423067.0
2355.0,5,4,4421.0,1976,2,16.4,7.2,0,Hillcrest,503038.0
2293.0,3,2,9975.0,1996,2,5.0,10.0,0,Downtown,541191.0
1983.0,4,3,7468.0,1964,2,5.67,6.7,0,Hillcrest,408948.0
1868.0,3,3,4116.0,1984,0,0.43,5.4,0,Riverside,317931.0
1759.0,5,4,2953.0,2003,3,11.99,2.7,0,Downtown,383749.0
1310.0,3,1,3645.0,2021,3,2.02,7.0,0,Downtown,348846.0
1618.0,3,3,4654.0,1958,1,5.73,2.9,0,Riverside,271907.0
700.0,2,1,7444.0,1988,1,23.21,7.0,1,Riverside,123940.0
1736.0,3,3,5386.0,1992,1,5.43,8.8,0,Oakwood,339964.0
1157.0,3,2,8114.0,1987,2,7.74,6.5,0,Hillcrest,253335.0
1083.0,2,1,10356.0,1960,2,3.54,6.8,0,Downtown,277948.0
1917.0,4,3,5534.0,1979,2,0.37,8.0,1,Maple Grove,405448.0
2705.0,6,5,3137.0,1997,2,9.59,7.6,0,Oakwood,497409.0
2397.0,5,3,6542.0,1978,2,0.21,8.4,0,Maple Grove,475394.0
779.0,2,1,13049.0,1947,2,7.24,6.5,1,Hillcrest,206219.0
1157.0,1,2,8340.0,2012,2,0.2,2.9,0,Oakwood,210611.0
2412.0,4,3,6295.0,1949,2,11.9,8.4,0,Riverside,441683.0
1161.0,2,2,3365.0,1954,2,1.03,6.1,0,Oakwood,234051.0
1654.0,3,2,4909.0,1996,2,4.33,5.1,1,Maple Grove,298441.0
2158.0,3,1,2168.0,1973,2,5.46,7.0,1,Oakwood,383610.0
1171.0,4,3,2854.0,1975,2,3.67,6.8,1,Oakwood,232393.0
1868.0,5,4,6610.0,2010,2,2.5,5.3,0,Riverside,395209.0
933.0,2,1,1890.0,2020,2,3.78,4.4,0,Maple Grove,201616.0
1409.0,3,2,4533.0,2013,2,2.24,7.2,0,Oakwood,269415.0
2008.0,4,3,2678.0,1981,2,3.46,5.1,1,Oakwood,317499.0
765.0,1,1,2934.0,1971,2,2.67,6.7,1,Oakwood,168336.0
2086.0,4,2,5586.0,1977,2,5.01,7.1,0,Oakwood,300231.0
1787.0,4,3,3648.0,2012,1,1.63,8.0,0,Oakwood,343727.0
2159.0,3,1,2380.0,2003,0,26.87,9.9,0,Downtown,400799.0
1946.0,4,2,4039.0,2008,2,4.17,6.9,0,Maple Grove,435849.0
2687.0,5,4,2332.0,1988,2,1.3,5.8,0,Maple Grove,499816.0
1881.0,2,2,9672.0,1993,3,3.89,9.2,0,Hillcrest,437076.0
1521.0,2,1,7648.0,1997,1,12.08,8.2,0,Riverside,322733.0
1879.0,3,2,7631.0,2018,1,0.2,6.8,0,Hillcrest,436070.0
2153.0,6,4,3459.0,1993,1,6.83,6.9,1,Riverside,409060.0
1832.0,4,3,6719.0,2010,0,4.76,,1,Riverside,364968.0
1826.0,3,1,6002.0,2007,2,1.11,6.8,1,Maple Grove,384869.0
1344.0,3,2,3603.0,1969,1,10.21,6.3,0,Maple Grove,216259.0
1369.0,2,2,5212.0,1948,2,2.76,4.9,0,Downtown,310452.0
888.0,3,3,2106.0,1995,2,2.09,6.5,0,Maple Grove,231557.0
2937.0,5,4,2997.0,1955,2,10.57,9.3,1,Maple Grove,518177.0
991.0,2,2,5138.0,1961,3,6.11,5.2,0,Downtown,243840.0
1350.0,4,2,4163.0,2010,2,13.71,6.1,0,Downtown,333351.0
1333.0,2,2,6426.0,2014,1,5.96,5.1,0,Hillcrest,305374.0
2382.0,4,3,3656.0,2017,3,8.1,8.4,1,Oakwood,448402.0
1608.0,3,2,4491.0,2013,3,10.86,7.8,0,Riverside,330910.0
2611.0,6,4,5361.0,1973,1,0.34,4.5,0,Hillcrest,532353.0
1362.0,2,2,3491.0,2017,0,8.98,3.3,0,Oakwood,166275.0
1981.0,2,1,4450.0,2016,0,5.71,7.9,1,Riverside,421089.0
1257.0,2,2,5981.0,1964,1,0.43,4.4,0,Oakwood,213474.0
3194.0,7,5,11009.0,1971,3,4.26,7.8,0,Oakwood,537702.0
1028.0,3,2,3502.0,1952,2,0.52,5.5,0,Maple Grove,221802.0
2001.0,4,3,4174.0,2005,1,7.99,7.6,0,Hillcrest,441556.0
2212.0,4,3,8300.0,1972,3,4.74,7.2,0,Downtown,490282.0
2069.0,5,4,9310.0,2014,2,18.42,5.6,0,Maple Grove,362821.0
1680.0,2,1,7038.0,1947,1,1.21,5.1,0,Maple Grove,280843.0
1716.0,3,2,9193.0,2013,3,5.59,7.4,1,Downtown,448581.0
1828.0,4,3,3395.0,2017,2,1.43,5.4,0,Maple Grove,388761.0
1704.0,4,3,8765.0,1951,2,5.71,8.3,1,Oakwood,329777.0
2427.0,4,3,7781.0,2004,2,7.69,5.2,0,Oakwood,394389.0
3237.0,7,5,2911.0,1948,2,7.69,7.1,0,Oakwood,507272.0
1438.0,1,1,4525.0,1949,1,10.13,5.9,1,Hillcrest,256057.0
910.0,1,1,1441.0,1955,2,11.53,6.5,0,Downtown,205093.0
1743.0,4,3,5761.0,1959,3,0.48,,0,Hillcrest,368134.0
3477.0,6,5,8687.0,2008,1,2.52,6.2,0,Hillcrest,695306.0
1278.0,3,1,4061.0,1957,2,6.97,2.4,1,Riverside,220993.0
2865.0,6,5,3104.0,1951,2,4.14,5.2,0,Riverside,511553.0
2891.0,6,4,2984.0,1950,0,1.27,5.6,0,Downtown,606294.0
1440.0,3,2,5320.0,2000,2,4.83,6.4,1,Riverside,316017.0
2170.0,4,4,7007.0,2008,1,3.14,8.6,0,Hillcrest,507848.0
2858.0,6,4,11123.0,1994,2,2.97,5.4,0,Downtown,693236.0
1554.0,4,3,1364.0,1974,0,9.96,8.8,0,Downtown,397574.0
1668.0,3,2,10458.0,1966,3,3.14,5.1,1,Oakwood,296033.0
1422.0,2,2,5918.0,1969,1,0.2,4.7,0,Hillcrest,322201.0
1140.0,2,1,8485.0,1972,1,0.36,3.5,0,Maple Grove,178910.0
1378.0,3,3,7557.0,1983,1,11.64,7.5,0,Maple Grove,253587.0
1004.0,1,1,5488.0,2011,3,19.4,6.6,1,Maple Grove,211708.0
1822.0,5,3,5382.0,1949,2,7.0,7.4,1,Downtown,454440.0
1300.0,2,1,6517.0,2009,2,2.72,6.7,0,Riverside,293517.0
1952.0,4,3,4708.0,1959,2,16.74,6.5,0,Hillcrest,355727.0
789.0,3,2,4907.0,2011,2,6.52,7.0,1,Maple Grove,199076.0
2015.0,3,1,1000.0,1984,0,11.16,9.9,0,Riverside,375724.0
2342.0,4,4,7177.0,2013,2,8.71,5.7,1,Oakwood,405634.0
504.0,1,1,3496.0,2021,1,2.86,9.8,0,Riverside,205591.0
2043.0,3,2,,1987,3,3.91,7.9,0,Hillcrest,442041.0
2598.0,7,5,8520.0,1945,2,1.24,7.1,0,Oakwood,451457.0
1014.0,1,2,4186.0,1966,2,2.07,7.4,0,Riverside,194113.0
2887.0,5,4,7212.0,2006,1,9.03,1.4,0,Maple Grove,467299.0
2072.0,4,3,6763.0,1970,2,13.46,6.1,0,Downtown,442691.0
1342.0,2,2,3957.0,1962,1,7.73,5.4,0,Oakwood,166459.0
1764.0,3,2,7474.0,1992,1,3.75,9.9,0,Oakwood,352442.0
2163.0,5,4,10830.0,1953,1,0.54,6.0,0,Oakwood,368624.0
1849.0,3,2,9027.0,1945,2,0.35,6.5,0,Oakwood,337206.0
2150.0,4,3,2365.0,1953,2,2.81,,1,Oakwood,371181.0
1202.0,2,1,6879.0,1967,1,3.74,4.4,0,Downtown,241374.0
1910.0,3,2,8323.0,1989,0,5.64,5.6,0,Hillcrest,416354.0
881.0,2,1,3820.0,1946,2,0.2,7.8,0,Hillcrest,263138.0
1728.0,5,4,8880.0,1958,2,27.47,3.1,0,Oakwood,227017.0
1212.0,2,1,3589.0,1982,1,2.71,7.0,0,Downtown,306818.0
1322.0,3,2,4683.0,1984,1,11.31,5.1,1,Maple Grove,229722.0
2603.0,6,4,3665.0,2007,3,4.59,8.6,1,Riverside,503664.0
2509.0,4,5,3345.0,1960,3,0.84,7.1,0,Riverside,516211.0
2196.0,6,5,6512.0,2019,3,9.58,4.1,1,Downtown,502058.0
1090.0,2,1,2491.0,1950,2,7.42,5.8,0,Hillcrest,246440.0
1594.0,4,3,4820.0,1947,1,4.5,7.2,0,Riverside,330346.0
2589.0,5,3,6514.0,1958,1,4.34,6.0,0,Hillcrest,509991.0
1892.0,5,3,3693.0,2010,1,0.55,6.7,0,Hillcrest,429230.0
3308.0,7,5,,2019,1,6.4,6.5,0,Maple Grove,601778.0
2056.0,5,4,5021.0,2011,3,14.53,7.9,0,Riverside,390002.0
1925.0,4,3,11670.0,1975,2,0.59,7.2,0,Hillcrest,465896.0
1599.0,3,3,2328.0,1977,2,1.84,6.4,1,Riverside,342704.0
1887.0,5,4,6641.0,1945,1,13.96,6.5,0,Downtown,435108.0
1701.0,4,4,5992.0,1988,3,2.01,4.8,0,Downtown,411533.0
2260.0,3,2,4419.0,1959,2,6.37,8.8,0,Oakwood,385599.0
2422.0,4,3,5505.0,1981,1,4.59,10.0,1,Maple Grove,476282.0
1289.0,2,2,7132.0,1971,3,5.44,6.0,1,Riverside,289231.0
935.0,2,1,7800.0,1992,1,3.22,6.6,0,Downtown,293565.0
606.0,1,1,5106.0,1971,0,2.14,8.1,1,Riverside,167470.0
2130.0,5,5,6684.0,1956,2,0.3,8.1,1,Hillcrest,499888.0
1083.0,1,1,3486.0,2011,2,8.18,6.8,0,Riverside,226746.0
450.0,1,1,7874.0,1974,0,8.22,4.9,0,Maple Grove,60000.0
2053.0,3,2,10545.0,2010,1,6.67,,0,Maple Grove,386951.0
3420.0,7,5,8170.0,1951,3,6.19,7.6,0,Maple Grove,585859.0
1796.0,4,3,3670.0,1978,2,1.68,6.9,0,Riverside,423065.0
2345.0,5,4,3186.0,1976,2,0.2,5.3,1,Hillcrest,508527.0
1853.0,3,2,15204.0,1983,1,9.92,6.6,0,Riverside,357396.0
1736.0,4,3,10204.0,1987,0,4.05,3.6,0,Maple Grove,269006.0
2397.0,6,4,7814.0,1987,1,2.2,7.7,0,Hillcrest,523723.0
1611.0,4,2,,2022,1,0.65,8.1,0,Downtown,456972.0
1974.0,4,3,5414.0,1947,1,0.39,6.9,0,Hillcrest,470470.0
2009.0,4,3,7743.0,1990,1,2.57,5.0,0,Riverside,363431.0
1366.0,2,1,9577.0,1976,2,9.8,7.2,0,Downtown,277111.0
2445.0,6,4,4707.0,1987,1,15.06,7.8,1,Oakwood,402011.0
1686.0,5,3,6877.0,1947,2,13.62,5.3,0,Maple Grove,265079.0
1309.0,3,2,9061.0,2018,1,15.15,8.0,1,Maple Grove,257734.0
2149.0,4,3,3062.0,2007,2,14.3,7.3,0,Hillcrest,456184.0
1216.0,3,3,4464.0,1984,0,4.49,6.1,0,Maple Grove,247448.0
1818.0,3,2,8962.0,1962,2,1.49,5.6,0,Oakwood,286579.0
1794.0,4,2,6074.0,2011,0,9.6,6.2,0,Maple Grove,349648.0
2506.0,5,4,5673.0,2006,3,1.44,4.9,0,Oakwood,476734.0
2109.0,3,2,5336.0,1954,2,1.87,6.9,0,Hillcrest,391713.0
1784.0,3,2,9417.0,1996,2,1.59,7.4,0,Hillcrest,432542.0
2332.0,4,4,3248.0,2017,0,4.34,8.4,0,Riverside,459628.0
2704.0,5,4,,1990,2,2.33,7.0,0,Oakwood,445223.0
2163.0,3,2,2478.0,1999,2,1.0,7.1,0,Riverside,386989.0
1807.0,4,2,4632.0,1990,1,3.62,6.1,0,Maple Grove,320077.0
947.0,2,2,5925.0,2019,2,12.42,5.1,1,Riverside,199119.0
1108.0,2,2,1735.0,2004,2,5.07,5.8,1,Downtown,301740.0
1602.0,3,2,3516.0,1970,2,12.64,8.8,1,Hillcrest,404452.0
1404.0,4,4,6070.0,1971,2,1.31,7.5,0,Riverside,311126.0
1678.0,5,4,6823.0,1982,3,1.1,7.2,0,Downtown,415067.0
1837.0,3,3,12082.0,1966,3,5.14,3.6,1,Downtown,407875.0
2144.0,4,3,7330.0,1970,2,3.73,7.0,0,Riverside,436079.0
1754.0,4,3,5004.0,2013,2,6.48,4.4,0,Hillcrest,362278.0
2116.0,4,4,5845.0,1979,2,9.5,4.5,0,Oakwood,354923.0
1842.0,4,3,5946.0,2010,2,8.35,4.7,0,Riverside,350183.0
516.0,2,1,4309.0,2017,3,17.11,5.3,0,Downtown,140653.0
1189.0,1,1,,1995,0,3.05,7.8,0,Oakwood,264254.0
1706.0,4,3,4199.0,1962,1,1.39,6.9,0,Maple Grove,303935.0
1014.0,2,1,6356.0,1987,1,4.8,5.0,0,Maple Grove,168018.0
2190.0,4,3,5333.0,1956,1,0.7,5.6,1,Downtown,473785.0
2795.0,6,5,4890.0,1947,1,2.05,7.3,0,Oakwood,479987.0
2592.0,5,3,4962.0,1951,2,1.4,7.6,0,Oakwood,440714.0
1661.0,2,2,7928.0,1950,0,3.03,6.7,0,Oakwood,293339.0
2769.0,7,5,7558.0,1989,2,0.71,4.7,0,Downtown,622799.0
1897.0,4,3,4760.0,1983,2,0.2,5.8,0,Maple Grove,354433.0
1581.0,4,3,7778.0,1995,1,6.42,10.0,0,Oakwood,331969.0
1401.0,4,3,5279.0,1953,1,5.65,4.6,0,Riverside,296317.0
1603.0,2,2,5321.0,1967,2,7.39,,0,Downtown,337761.0
1548.0,3,3,4311.0,1956,2,6.48,9.9,1,Riverside,328699.0
1911.0,4,2,11461.0,2006,3,0.73,6.1,0,Hillcrest,433343.0
1904.0,4,3,10873.0,2017,3,2.06,9.4,0,Downtown,563515.0
1802.0,2,1,3835.0,2021,3,0.83,5.4,0,Downtown,396609.0
2084.0,4,3,4614.0,1984,2,11.11,3.3,1,Oakwood,328793.0
2574.0,5,3,6601.0,1998,3,8.24,5.6,0,Maple Grove,427850.0
2417.0,5,5,7206.0,1951,2,1.35,5.3,1,Riverside,476581.0
835.0,2,2,3097.0,1961,3,2.51,3.8,0,Maple Grove,118766.0
450.0,1,1,3391.0,1994,0,20.4,5.8,0,Oakwood,60000.0
2407.0,4,2,1000.0,1968,3,5.41,8.1,0,Maple Grove,455378.0
912.0,2,1,7217.0,1946,2,9.69,5.5,0,Hillcrest,184135.0
6616.0,3,2,2353.0,1977,2,1.84,5.9,0,Riverside,303983.0
1039.0,3,2,3853.0,1965,1,1.41,8.7,0,Maple Grove,238481.0
629.0,1,1,8359.0,2018,1,9.19,5.3,0,Hillcrest,157815.0
2152.0,2,2,8171.0,1997,1,6.95,7.5,0,Riverside,413209.0
2293.0,4,3,11154.0,1990,1,6.85,3.8,0,Riverside,354569.0
1425.0,2,2,12974.0,1989,1,4.83,5.0,1,Hillcrest,295688.0
1800.0,1,1,18254.0,1953,2,4.97,6.2,1,Hillcrest,137874.0
1445.0,2,1,4544.0,1950,0,7.98,8.4,0,Hillcrest,307685.0
2055.0,4,4,3992.0,1995,1,1.89,5.0,1,Hillcrest,446000.0
839.0,3,2,6728.0,1979,1,2.61,5.0,0,Hillcrest,239585.0
1919.0,4,3,2513.0,1997,2,12.32,6.9,0,Hillcrest,413813.0
1790.0,3,2,4842.0,1963,1,2.22,7.2,0,Downtown,402538.0
2177.0,5,3,5917.0,2013,1,4.74,4.8,0,Oakwood,367526.0
1878.0,3,2,6981.0,1969,2,7.28,5.7,0,Maple Grove,350563.0
1168.0,2,2,7356.0,1955,2,35.0,8.2,0,Riverside,206566.0
2578.0,4,3,4765.0,2018,1,3.43,4.6,0,Oakwood,417579.0
1697.0,2,1,2734.0,1961,1,3.35,7.0,0,Hillcrest,319440.0
1782.0,3,2,3074.0,1980,1,11.09,5.7,1,Oakwood,245962.0
1193.0,3,3,1604.0,1965,3,9.82,8.7,1,Riverside,235603.0
1512.0,3,2,4069.0,1962,1,7.88,7.4,0,Riverside,299692.0
1225.0,2,2,2479.0,2004,2,3.73,7.9,0,Hillcrest,315902.0
1688.0,3,3,4220.0,1962,1,2.35,5.6,0,Maple Grove,289088.0
2913.0,6,4,6694.0,1945,2,5.63,7.8,0,Downtown,665056.0
908.0,1,1,2770.0,1958,0,12.54,7.8,0,Downtown,194187.0
751.0,2,1,5750.0,1952,0,12.91,7.3,0,Oakwood,117054.0
2756.0,5,3,4739.0,2010,2,0.69,,0,Oakwood,495337.0
1664.0,3,2,6520.0,1995,1,3.36,6.8,0,Riverside,355981.0
1365.0,2,2,7287.0,2004,1,3.75,3.5,1,Oakwood,242891.0
2476.0,5,4,4585.0,1978,2,22.8,9.3,1,Oakwood,427530.0
1406.0,4,3,5506.0,1980,3,6.8,5.5,0,Riverside,302721.0
2987.0,6,3,4748.0,2006,1,3.14,6.0,0,Riverside,590581.0
2241.0,5,3,4288.0,1945,2,0.2,4.4,1,Hillcrest,452455.0
1483.0,3,3,3749.0,1986,3,5.0,7.6,0,Maple Grove,280418.0
3202.0,6,5,6956.0,1945,2,0.61,7.3,0,Maple Grove,578969.0
1406.0,3,2,10189.0,1998,2,10.79,6.0,0,Downtown,332690.0
2282.0,4,3,9596.0,1991,2,8.38,2.8,0,Riverside,390650.0
1995.0,5,5,2623.0,1983,1,3.7,5.4,1,Hillcrest,439644.0
2646.0,4,3,10096.0,1974,2,3.36,7.2,0,Riverside,460139.0
2815.0,6,5,3286.0,1951,1,13.66,6.9,0,Hillcrest,541356.0
1821.0,4,3,5918.0,1966,1,2.04,6.4,0,Hillcrest,381591.0
1310.0,4,4,6451.0,1994,2,1.72,5.8,0,Hillcrest,321365.0
2099.0,4,2,2243.0,1989,1,16.8,4.0,0,Maple Grove,304370.0
1359.0,3,3,5013.0,2018,2,9.94,8.0,0,Hillcrest,331684.0
3109.0,7,5,10405.0,2016,2,10.31,4.2,0,Hillcrest,616354.0
1889.0,3,3,1272.0,1954,2,1.3,6.2,0,Oakwood,321380.0
1563.0,2,1,15783.0,1958,1,0.93,4.8,0,Maple Grove,301143.0
1920.0,2,1,1558.0,1990,1,0.2,8.1,0,Riverside,390436.0
924.0,2,2,6369.0,2019,2,1.62,7.4,0,Maple Grove,233155.0
1168.0,1,2,2308.0,1950,3,8.93,5.9,0,Oakwood,172472.0
2580.0,5,4,6879.0,1965,0,1.65,7.6,0,Riverside,500056.0
1373.0,3,2,9389.0,2006,1,7.84,4.1,0,Maple Grove,239358.0
1120.0,2,1,8153.0,1963,3,1.74,6.4,0,Riverside,238254.0
2149.0,5,4,2354.0,2006,0,3.02,4.8,1,Maple Grove,368326.0
2571.0,5,3,8814.0,1997,3,24.5,,0,Oakwood,419152.0
2267.0,6,4,4759.0,1968,2,1.68,7.1,0,Maple Grove,485663.0
2447.0,4,3,2396.0,2000,2,2.83,7.5,0,Hillcrest,505811.0
1308.0,2,1,10369.0,2006,1,2.15,5.6,0,Hillcrest,308988.0
876.0,1,1,14002.0,1978,1,0.7,7.7,0,Oakwood,226477.0
2776.0,6,5,5766.0,1966,1,4.04,4.7,0,Riverside,484356.0
1590.0,4,3,4478.0,2012,3,2.86,4.9,0,Maple Grove,262698.0
1637.0,4,3,3550.0,2001,2,7.12,6.2,0,Riverside,344596.0
2663.0,6,5,7894.0,1954,2,10.21,5.0,0,Oakwood,425719.0
2162.0,3,3,9022.0,2010,2,4.71,7.6,0,Downtown,522385.0
2096.0,6,5,4479.0,1952,1,0.2,5.7,0,Downtown,489269.0
3207.0,7,5,11482.0,1982,2,5.79,4.8,0,Riverside,603468.0
1382.0,3,2,7567.0,2006,2,0.34,4.6,1,Riverside,300884.0
2403.0,6,4,5733.0,1972,2,5.75,7.6,1,Riverside,529404.0
1837.0,2,1,6474.0,1954,1,6.93,2.4,0,Maple Grove,278494.0
1975.0,4,4,3123.0,1989,2,1.32,4.9,0,Riverside,405110.0
2794.0,5,4,7849.0,2009,3,10.27,8.7,0,Maple Grove,516212.0
2130.0,5,4,,2011,2,14.52,5.9,0,Riverside,400824.0
2150.0,3,2,4175.0,1953,0,10.06,7.6,0,Riverside,333277.0
2497.0,6,4,5293.0,1949,2,2.18,,0,Downtown,554413.0
1563.0,4,3,12907.0,1954,1,5.3,6.2,0,Riverside,333408.0
1255.0,3,1,6213.0,1956,2,14.78,3.8,0,Downtown,229695.0
1121.0,2,3,3421.0,2002,3,2.32,4.4,0,Maple Grove,208097.0
522.0,1,1,6487.0,1965,2,10.29,4.4,1,Riverside,98673.0
3137.0,6,4,7342.0,1965,2,0.2,7.3,0,Hillcrest,625952.0
1083.0,3,2,9756.0,2009,2,0.2,7.6,0,Oakwood,251994.0
1656.0,4,4,5431.0,1947,0,8.56,5.1,0,Riverside,275118.0
1620.0,3,2,3708.0,2013,1,8.6,6.4,0,Riverside,343636.0
2000.0,4,2,14602.0,2008,3,9.33,6.5,0,Maple Grove,379334.0
2330.0,3,3,6494.0,1993,2,15.96,6.6,0,Riverside,376353.0
2359.0,4,3,3433.0,2016,0,0.75,5.3,0,Maple Grove,451070.0
1421.0,4,3,5406.0,1961,1,1.58,9.1,0,Downtown,383809.0
1691.0,2,2,4176.0,2017,2,14.04,7.6,0,Riverside,334724.0
1984.0,4,4,10047.0,1976,2,1.17,6.6,0,Downtown,489210.0
1638.0,4,4,7307.0,2014,2,6.88,5.7,0,Maple Grove,334110.0
2845.0,5,3,4649.0,1965,1,4.54,5.2,0,Hillcrest,527927.0
2119.0,4,4,9024.0,1951,3,0.52,7.1,0,Downtown,515139.0
2278.0,5,4,5180.0,1951,2,2.02,5.7,0,Maple Grove,402421.0
2231.0,4,3,5341.0,1971,2,4.41,6.7,0,Riverside,427160.0
2563.0,7,4,3652.0,1952,2,11.48,3.5,1,Maple Grove,415675.0
1918.0,3,2,3636.0,2017,1,7.38,5.7,0,Maple Grove,330286.0
957.0,3,2,14118.0,1972,3,5.84,6.3,1,Hillcrest,234194.0
2060.0,4,3,8814.0,2010,1,4.11,8.0,0,Maple Grove,402458.0
1377.0,3,3,1765.0,2015,1,2.13,5.0,1,Downtown,362930.0
1456.0,3,1,3196.0,1991,2,0.76,4.1,0,Hillcrest,342358.0
2181.0,4,3,2829.0,1954,2,3.16,7.2,1,Downtown,517018.0
2605.0,5,4,5674.0,1977,2,0.2,6.4,0,Oakwood,433484.0
1814.0,2,1,4392.0,1951,2,1.42,,0,Downtown,338762.0
2001.0,4,3,11040.0,1947,1,3.4,3.8,0,Oakwood,322492.0
2906.0,6,5,4614.0,1958,3,3.25,5.5,1,Oakwood,477643.0
1956.0,4,3,13400.0,1988,0,0.27,6.4,0,Oakwood,341928.0
3491.0,7,5,5263.0,1990,3,5.34,8.7,0,Riverside,646588.0
2168.0,5,3,14847.0,2005,1,4.79,4.8,0,Oakwood,365850.0
656.0,1,1,4939.0,1980,2,0.49,7.4,0,Maple Grove,188198.0
2290.0,4,3,4990.0,1957,1,17.21,3.4,0,Oakwood,270145.0
2048.0,4,3,8717.0,1960,2,0.63,7.1,0,Hillcrest,472982.0
2638.0,6,4,8092.0,1949,3,11.58,8.9,1,Riverside,508146.0
2238.0,6,4,2559.0,1982,2,0.2,6.7,1,Oakwood,405529.0
1710.0,3,2,5744.0,1994,2,12.84,5.4,0,Riverside,324038.0
1004.0,2,2,4371.0,1982,2,0.2,8.5,0,Riverside,251224.0
1664.0,3,2,4211.0,2000,2,8.51,,0,Downtown,366195.0
1247.0,3,2,5730.0,2007,3,2.69,6.7,0,Downtown,309758.0
1423.0,3,3,4713.0,1992,2,8.04,4.9,0,Riverside,290054.0
2183.0,6,4,6043.0,2003,1,3.08,7.1,1,Downtown,562286.0
2885.0,5,4,3115.0,2021,0,0.44,5.4,0,Maple Grove,496417.0
2057.0,4,4,2214.0,1988,1,8.75,7.0,1,Riverside,433251.0
1023.0,2,1,8884.0,1999,1,0.44,6.6,1,Riverside,253203.0
2089.0,5,4,9568.0,1999,2,15.32,8.2,0,Hillcrest,480249.0
2578.0,5,3,8610.0,1945,1,0.31,5.6,1,Riverside,455677.0
1404.0,2,1,5599.0,1952,0,3.92,6.3,0,Maple Grove,217171.0
1713.0,4,3,4523.0,1948,0,7.7,7.8,0,Downtown,374361.0
1810.0,4,2,3908.0,1997,2,3.0,6.1,0,Downtown,415735.0
1290.0,2,2,3518.0,2002,2,1.47,6.5,0,Oakwood,279227.0
2221.0,6,5,5266.0,1981,1,8.54,5.8,0,Downtown,505459.0
1721.0,4,3,9451.0,1993,3,9.2,6.2,0,Riverside,328596.0
2073.0,4,4,3730.0,2011,0,15.36,7.6,0,Maple Grove,367111.0
1223.0,3,2,9460.0,1963,3,2.83,9.4,0,Hillcrest,317907.0
1516.0,3,3,2284.0,1945,2,4.23,3.8,0,Riverside,248697.0
2270.0,4,3,6203.0,1973,1,2.71,4.5,0,Downtown,477804.0
1558.0,3,2,6864.0,1977,2,1.78,6.3,0,Riverside,311272.0
2923.0,4,3,4135.0,1996,2,8.34,6.6,0,Riverside,500480.0
1540.0,4,2,3001.0,1985,2,2.49,6.2,0,Hillcrest,325583.0
1946.0,3,3,8306.0,1967,3,3.35,,0,Hillcrest,425100.0
2406.0,6,5,5621.0,1949,1,3.1,4.5,1,Downtown,544941.0
878.0,1,1,17081.0,2015,1,7.48,5.5,0,Riverside,218587.0
655.0,1,1,9523.0,2001,0,14.99,7.8,0,Downtown,170356.0
808.0,1,1,9561.0,1950,1,6.59,6.6,0,Riverside,143039.0
2621.0,5,3,1089.0,1993,1,3.83,7.6,0,Downtown,570493.0
1441.0,4,2,3771.0,1966,3,9.06,4.6,0,Downtown,335595.0
3463.0,5,3,2800.0,2021,0,6.15,8.8,0,Hillcrest,652193.0
1433.0,4,2,1547.0,2020,2,0.38,5.6,1,Maple Grove,340573.0
1920.0,4,4,5391.0,1948,2,0.6,7.3,0,Maple Grove,344643.0
2802.0,5,4,8203.0,2016,3,0.23,6.3,0,Maple Grove,539644.0
3104.0,5,4,3171.0,2008,3,3.66,5.6,1,Maple Grove,532264.0
3140.0,7,5,1608.0,1981,2,10.49,7.2,0,Hillcrest,609384.0
2585.0,4,2,3322.0,1975,3,2.25,7.5,1,Maple Grove,428228.0
2466.0,4,3,5054.0,1981,2,2.91,10.0,0,Maple Grove,512470.0
2185.0,5,4,4859.0,1989,3,14.41,7.5,0,Hillcrest,469490.0
2306.0,5,4,5530.0,1952,2,10.88,7.5,0,Riverside,438765.0
1442.0,2,2,6792.0,1984,0,6.56,8.3,0,Riverside,283097.0
1268.0,3,2,5460.0,1949,2,1.86,,1,Maple Grove,251611.0
1798.0,3,2,8431.0,1972,2,0.75,6.4,0,Downtown,439831.0
1689.0,4,3,3205.0,1953,1,0.2,7.0,0,Maple Grove,296517.0
1505.0,4,3,4753.0,1946,1,0.68,7.9,0,Oakwood,284479.0
2253.0,5,3,7357.0,2007,2,2.08,8.7,0,Oakwood,398228.0
2421.0,5,4,6348.0,1995,3,4.81,4.1,0,Hillcrest,491970.0
1857.0,5,3,,1975,0,0.4,3.5,1,Maple Grove,300806.0
2760.0,6,5,3281.0,1951,2,0.88,8.7,1,Riverside,521536.0
1058.0,1,1,7424.0,1974,2,1.2,5.2,0,Maple Grove,187076.0
1674.0,4,4,,2002,3,6.0,3.8,0,Hillcrest,371446.0
1334.0,4,3,3649.0,1947,3,5.74,3.7,0,Oakwood,211438.0
587.0,1,1,9240.0,1995,2,4.8,9.4,1,Oakwood,207268.0
1746.0,3,2,5428.0,2000,2,1.73,7.9,1,Riverside,415351.0
1721.0,4,3,,2017,1,2.78,5.2,0,Riverside,340571.0
2784.0,6,5,4046.0,1954,2,0.61,5.3,1,Downtown,593361.0
2210.0,4,3,4175.0,2005,2,1.54,6.6,0,Riverside,456124.0
1134.0,3,1,2188.0,1994,3,13.68,7.9,0,Riverside,203022.0
3005.0,7,5,6040.0,1991,2,23.38,6.0,1,Maple Grove,480295.0
2594.0,5,3,3029.0,1945,1,6.26,5.2,0,Downtown,484286.0
2178.0,4,3,5103.0,2001,2,14.92,8.3,0,Hillcrest,471286.0
1653.0,2,1,8426.0,1982,1,6.18,6.5,0,Riverside,318741.0
1176.0,3,2,1824.0,2006,0,0.2,6.2,0,Maple Grove,281069.0
1558.0,4,3,19352.0,2014,1,34.4,7.4,0,Maple Grove,251099.0
2508.0,5,3,3608.0,2009,0,0.63,3.1,1,Downtown,522575.0
3025.0,6,4,5180.0,2006,2,6.89,7.3,0,Maple Grove,526080.0
2803.0,5,4,6289.0,2000,1,1.75,7.2,1,Maple Grove,493148.0
1482.0,2,2,3541.0,2011,1,2.99,4.3,0,Hillcrest,338741.0
1072.0,3,2,4256.0,1961,3,6.23,3.4,0,Hillcrest,291588.0
1892.0,5,4,9390.0,1952,1,3.44,5.6,1,Riverside,362425.0
651.0,1,1,7974.0,2004,0,1.73,,0,Oakwood,169364.0
2010.0,5,4,4806.0,1984,1,2.44,7.0,0,Riverside,401827.0
1704.0,4,3,5495.0,2006,0,2.51,9.2,0,Riverside,385737.0
1497.0,4,2,5912.0,1985,0,19.21,6.8,0,Riverside,283227.0
763.0,1,1,7261.0,1956,0,9.62,4.3,0,Maple Grove,90889.0
2134.0,3,2,7523.0,1998,2,3.68,6.1,1,Oakwood,366780.0
1454.0,3,3,7424.0,1955,1,1.34,4.4,1,Maple Grove,303240.0
1040.0,2,1,4404.0,2004,1,10.0,6.2,0,Downtown,257848.0
450.0,2,1,5815.0,2012,3,1.03,8.8,1,Oakwood,189602.0
1782.0,4,3,8894.0,2022,2,1.42,7.2,1,Downtown,494431.0
2952.0,6,5,14584.0,1990,3,2.73,5.3,0,Riverside,575885.0
2880.0,5,4,5732.0,1982,2,12.74,7.4,0,Maple Grove,516697.0
1503.0,4,3,4089.0,2005,1,0.85,5.3,0,Maple Grove,315205.0
1409.0,2,2,3504.0,1961,2,0.78,2.1,0,Riverside,237327.0
2105.0,6,5,7453.0,2010,0,4.09,4.5,0,Maple Grove,397476.0
1151.0,2,1,2127.0,2016,0,1.94,7.2,0,Hillcrest,275353.0
1996.0,5,4,7490.0,1980,2,5.05,7.7,0,Riverside,394673.0
2298.0,5,4,7556.0,2018,2,3.6,9.2,0,Hillcrest,535736.0
2598.0,5,4,4169.0,1951,2,3.43,7.0,0,Hillcrest,524750.0
1735.0,3,3,6218.0,1960,3,0.71,8.7,0,Riverside,336670.0
1668.0,3,2,4890.0,1958,1,0.91,7.5,0,Hillcrest,380003.0
1229.0,3,3,2492.0,1969,2,10.32,8.0,1,Riverside,296023.0
1263.0,3,2,7217.0,1948,2,13.02,8.3,0,Downtown,310423.0
1653.0,3,2,6895.0,1973,3,1.6,,1,Riverside,378352.0
2039.0,4,3,4349.0,2000,2,0.72,8.2,1,Maple Grove,416739.0
2394.0,5,4,14470.0,1950,3,0.33,5.4,0,Hillcrest,492233.0
1278.0,1,2,5518.0,1945,1,5.62,2.6,0,Riverside,218518.0
2770.0,6,4,1716.0,1983,2,7.54,7.5,1,Oakwood,455967.0
1624.0,2,1,9125.0,1945,1,2.8,7.1,0,Riverside,279693.0
1786.0,3,2,8089.0,2007,1,6.83,5.1,1,Hillcrest,388611.0
1314.0,1,1,8565.0,2001,3,7.49,4.5,1,Riverside,270664.0
450.0,1,1,3124.0,2011,0,16.43,,0,Maple Grove,115224.0
2375.0,4,3,6134.0,2009,3,0.4,7.6,0,Maple Grove,421801.0
2279.0,4,3,5470.0,2009,1,1.28,7.3,0,Hillcrest,491810.0
1617.0,5,4,5016.0,1965,2,0.43,4.9,0,Riverside,304770.0
1844.0,3,2,10310.0,1974,1,12.15,5.2,0,Oakwood,304498.0
2135.0,4,3,5558.0,1977,1,9.44,7.6,0,Downtown,502470.0
784.0,2,1,4430.0,1992,1,5.13,6.6,0,Downtown,228181.0
1456.0,3,2,4406.0,1966,2,0.52,8.2,0,Hillcrest,334410.0
2316.0,5,4,2990.0,1998,1,1.92,6.0,0,Downtown,513503.0
985.0,1,1,5837.0,1948,2,2.12,7.7,0,Oakwood,186471.0
1991.0,5,4,10703.0,1999,0,4.94,6.4,0,Maple Grove,360167.0
918.0,3,2,4623.0,1988,0,1.79,5.3,0,Riverside,199259.0
2103.0,3,3,6309.0,1956,0,0.45,8.0,0,Downtown,464552.0
1777.0,3,3,4974.0,2018,2,7.87,4.9,0,Hillcrest,340197.0
750.0,1,1,5256.0,1996,2,2.13,6.6,0,Riverside,197504.0
2557.0,4,2,8269.0,2020,3,3.61,6.8,1,Hillcrest,564254.0
1323.0,3,2,2968.0,2009,1,0.82,6.3,1,Maple Grove,324427.0
1273.0,2,2,2255.0,2009,2,9.73,8.1,0,Hillcrest,290179.0
1930.0,6,5,9132.0,1954,2,5.0,7.4,0,Riverside,359737.0
2547.0,6,4,4109.0,1962,1,13.91,,0,Riverside,468351.0
1140.0,2,1,4458.0,1991,2,4.1,6.6,0,Oakwood,239732.0
1840.0,5,4,16023.0,2010,2,17.02,9.5,1,Oakwood,395910.0
2079.0,5,4,8064.0,1993,1,13.35,8.8,0,Maple Grove,425087.0
2251.0,4,2,3372.0,2016,0,5.15,8.0,0,Hillcrest,504293.0
1915.0,3,2,9449.0,1966,1,16.3,7.7,1,Oakwood,296013.0
1561.0,3,2,8158.0,1970,2,2.34,5.5,0,Maple Grove,325121.0
1262.0,3,2,1000.0,1953,0,2.73,6.4,0,Hillcrest,259675.0
1856.0,4,4,5947.0,1965,1,0.28,7.5,0,Oakwood,364643.0
1103.0,1,1,3052.0,2007,1,5.34,8.2,0,Oakwood,227138.0
450.0,1,1,5250.0,1950,0,7.68,7.9,0,Riverside,92647.0
2084.0,4,3,14607.0,1958,1,8.91,7.4,0,Maple Grove,399524.0
2388.0,5,3,,1977,3,0.97,9.7,0,Downtown,583046.0
450.0,2,1,9011.0,2015,0,3.52,6.3,0,Maple Grove,177237.0
1144.0,1,1,4980.0,1968,2,1.17,8.1,1,Oakwood,225936.0
2202.0,5,4,9031.0,2017,1,6.51,7.9,0,Maple Grove,406910.0
3137.0,7,5,3677.0,2019,2,1.03,7.2,0,Riverside,596935.0
1814.0,5,3,5909.0,1995,2,14.07,7.3,0,Maple Grove,367957.0
1327.0,2,2,8251.0,1946,1,1.57,7.2,0,Maple Grove,223977.0
1681.0,4,3,8126.0,1959,2,2.07,5.4,0,Oakwood,318060.0
2694.0,6,4,2340.0,1979,2,11.42,7.1,0,Hillcrest,574974.0
1380.0,3,2,13020.0,1980,2,3.68,7.7,0,Hillcrest,332677.0
1281.0,2,2,3293.0,1983,2,0.2,7.0,0,Maple Grove,258536.0
1486.0,3,3,17461.0,1948,3,4.09,3.6,0,Oakwood,258646.0
1180.0,1,1,8373.0,2008,2,0.53,,1,Downtown,275893.0
1880.0,4,4,8018.0,2018,3,25.34,5.2,1,Maple Grove,385797.0
2856.0,6,4,3454.0,1950,2,5.32,6.3,0,Hillcrest,573259.0
2010.0,4,2,4202.0,2001,2,1.78,5.3,0,Oakwood,319338.0
1636.0,5,4,12497.0,1974,2,4.98,7.5,0,Maple Grove,324753.0
1610.0,3,2,11690.0,2018,3,0.48,8.4,0,Riverside,380058.0
784.0,1,1,5053.0,2011,3,9.65,8.6,0,Hillcrest,196602.0
2374.0,6,4,4830.0,1959,1,15.57,7.0,1,Riverside,399842.0
1749.0,3,2,4905.0,1961,2,12.45,8.2,0,Oakwood,301477.0
1683.0,3,2,9481.0,1962,1,2.51,5.6,0,Downtown,398933.0
3876.0,7,5,9026.0,1963,2,2.37,6.3,1,Oakwood,658093.0
1994.0,5,4,6692.0,2020,1,0.21,4.6,1,Downtown,494326.0
1311.0,3,2,5939.0,2013,1,6.32,8.4,0,Downtown,347416.0
1523.0,2,1,5023.0,1968,3,4.59,9.6,0,Oakwood,295704.0
2546.0,5,3,16759.0,1992,1,3.69,5.9,0,Riverside,501953.0
1874.0,3,3,2496.0,1974,2,14.29,3.0,0,Hillcrest,295738.0
865.0,2,2,4488.0,1959,2,1.1,5.0,0,Oakwood,152801.0
2397.0,5,4,6459.0,1991,1,0.2,5.5,0,Downtown,536489.0
1366.0,3,2,2207.0,1988,1,0.46,4.4,1,Hillcrest,300921.0
3018.0,5,5,4051.0,1971,2,1.52,4.9,0,Maple Grove,513829.0
2502.0,6,4,14512.0,2008,1,0.2,6.8,1,Hillcrest,571448.0
1509.0,3,2,8727.0,1985,2,4.19,7.6,1,Riverside,349837.0
2633.0,6,5,4033.0,2012,3,2.26,3.2,0,Maple Grove,429156.0
1844.0,4,3,3967.0,1949,1,1.19,5.6,1,Maple Grove,306698.0
2354.0,6,5,2507.0,1997,1,8.32,6.6,0,Downtown,520865.0
2115.0,5,5,4341.0,1952,2,1.37,4.8,0,Maple Grove,400569.0
1250.0,4,3,7300.0,1966,2,6.98,6.9,1,Downtown,324488.0
1382.0,3,2,6675.0,1951,1,2.58,6.3,0,Oakwood,244984.0
2469.0,5,4,4464.0,1966,0,4.3,5.8,0,Oakwood,403260.0
1582.0,5,4,3267.0,1990,2,16.3,5.1,1,Hillcrest,342550.0
1538.0,4,4,4987.0,1974,3,0.23,6.9,0,Oakwood,346009.0
1179.0,3,2,4930.0,1960,1,4.16,5.3,0,Riverside,243903.0
2075.0,3,3,8169.0,1949,2,11.56,3.7,0,Riverside,358089.0
3141.0,5,4,6190.0,2011,3,5.32,6.5,0,Oakwood,524283.0
1106.0,2,2,5770.0,1967,2,1.95,4.5,1,Oakwood,245594.0
1816.0,4,3,9898.0,2005,2,3.04,3.9,1,Downtown,437439.0
2718.0,5,3,11637.0,2018,2,6.84,6.7,0,Oakwood,422497.0
1748.0,4,3,6634.0,1949,3,13.29,6.2,0,Maple Grove,356271.0
2094.0,5,4,6717.0,1967,2,0.25,5.1,0,Oakwood,367903.0
1109.0,3,3,5170.0,1969,3,0.45,,0,Oakwood,253032.0
2078.0,3,2,3428.0,1952,2,2.36,,0,Riverside,362304.0
1678.0,3,2,8495.0,1965,2,1.59,6.9,0,Oakwood,353345.0
2441.0,4,2,7680.0,1946,1,1.85,6.8,0,Riverside,420860.0
2572.0,5,4,5392.0,1966,1,1.5,3.9,1,Downtown,548037.0
3483.0,7,5,6199.0,2016,2,1.31,8.6,0,Hillcrest,708165.0
2177.0,4,3,9571.0,2016,1,0.84,7.4,0,Riverside,453359.0
2012.0,3,2,10371.0,2012,2,16.3,5.0,0,Oakwood,308005.0
1926.0,4,3,1120.0,2008,1,0.93,,1,Riverside,366687.0
1570.0,3,2,3888.0,1963,2,1.37,6.8,1,Maple Grove,312241.0
2020.0,2,1,5383.0,1997,0,1.7,6.4,1,Hillcrest,422498.0
1608.0,5,3,2987.0,1996,2,16.22,9.4,0,Riverside,328926.0
1909.0,5,4,6284.0,1991,2,8.46,3.4,0,Oakwood,274156.0
2656.0,5,3,4001.0,1998,1,9.36,4.1,0,Maple Grove,434889.0
1146.0,2,1,6392.0,1988,2,0.66,2.8,0,Oakwood,166408.0
2541.0,4,4,4067.0,1951,1,10.86,6.6,0,Downtown,541591.0
2656.0,7,5,4161.0,1945,1,3.15,7.4,1,Oakwood,455467.0
1723.0,5,3,6367.0,2007,1,1.83,7.1,0,Downtown,460723.0
450.0,1,1,8680.0,1983,0,5.14,6.0,0,Maple Grove,113309.0
1405.0,4,3,7457.0,1963,3,10.36,7.2,0,Maple Grove,278323.0
2643.0,5,4,5407.0,1975,0,9.05,6.0,0,Hillcrest,534448.0
1785.0,3,2,1809.0,2021,2,13.24,7.7,0,Oakwood,293180.0
1150.0,2,2,4107.0,1968,1,15.8,8.3,0,Downtown,239305.0
1472.0,3,2,3866.0,2013,2,1.63,5.0,0,Oakwood,284718.0
2346.0,4,2,7915.0,2009,1,3.31,6.0,1,Maple Grove,402022.0
2155.0,4,3,5965.0,1977,2,0.2,6.3,0,Hillcrest,440707.0
1645.0,3,3,6079.0,2003,2,12.69,8.8,1,Oakwood,286992.0
1562.0,3,4,3517.0,1977,2,1.01,5.2,1,Riverside,357553.0
1545.0,3,2,10578.0,1976,0,11.86,8.3,1,Downtown,352017.0
1200.0,2,2,6058.0,2003,2,2.4,4.2,0,Maple Grove,218469.0
2850.0,5,4,3400.0,1985,1,2.75,8.5,0,Downtown,617364.0
1590.0,2,2,3536.0,1956,0,0.24,7.9,0,Riverside,304834.0
2591.0,6,4,6511.0,2017,2,2.37,6.3,0,Riverside,505462.0
2789.0,4,2,3328.0,1955,2,13.16,8.0,1,Oakwood,460673.0
2449.0,6,4,3893.0,1963,2,0.2,5.7,0,Maple Grove,412231.0
1519.0,4,3,2904.0,1998,2,3.13,5.0,1,Maple Grove,294753.0
2062.0,4,3,7882.0,2001,1,0.2,9.2,0,Maple Grove,451548.0
1784.0,1,1,3372.0,1986,1,2.78,5.6,0,Hillcrest,370768.0
1213.0,2,2,11445.0,2015,0,1.14,7.6,1,Downtown,342003.0
2011.0,4,3,6924.0,1975,2,1.74,8.3,0,Downtown,491294.0
1034.0,1,2,2898.0,1996,2,12.6,7.8,1,Downtown,321136.0
2572.0,5,4,7423.0,1946,1,3.44,7.5,0,Hillcrest,497448.0
1498.0,4,2,10587.0,1982,2,1.92,7.6,1,Oakwood,270112.0
1931.0,4,4,5286.0,1976,2,5.34,8.2,0,Hillcrest,422810.0
1984.0,3,2,11204.0,1954,2,0.92,7.0,1,Riverside,396782.0
1632.0,2,2,6991.0,1952,2,1.8,6.4,0,Oakwood,266215.0
2181.0,4,4,4003.0,2019,2,4.74,4.3,0,Maple Grove,412932.0
1491.0,3,2,14627.0,1964,2,1.63,7.0,1,Maple Grove,321005.0
2366.0,5,3,2466.0,1964,1,6.82,8.1,1,Downtown,528118.0
925.0,1,1,4627.0,1953,1,4.06,4.7,0,Riverside,155046.0
1882.0,4,4,5407.0,2016,1,8.87,6.1,0,Maple Grove,335475.0
3060.0,7,5,13392.0,1959,2,17.77,7.2,0,Hillcrest,611296.0
1150.0,3,2,7974.0,2007,3,0.74,8.9,0,Oakwood,264929.0
1359.0,3,3,7309.0,1965,2,2.44,4.6,0,Downtown,295959.0
2134.0,4,3,3673.0,1949,1,2.31,7.8,0,Oakwood,387939.0
1917.0,4,3,5181.0,1979,2,0.98,5.9,0,Downtown,443062.0
2028.0,5,4,4054.0,2012,2,9.97,5.4,0,Maple Grove,338934.0
2118.0,4,3,7186.0,1992,3,8.56,5.0,0,Riverside,427601.0
2213.0,4,3,9755.0,2006,2,3.97,5.5,0,Riverside,437187.0
2521.0,5,4,16291.0,1979,3,4.63,7.3,1,Riverside,515865.0
2066.0,4,3,4302.0,2014,0,0.37,6.1,0,Oakwood,361884.0
1643.0,2,2,2425.0,1965,0,4.86,7.6,0,Riverside,302305.0
2237.0,5,4,4668.0,1983,0,9.4,4.7,0,Riverside,383839.0
3035.0,6,4,9094.0,1978,2,5.12,7.6,0,Riverside,561796.0
1714.0,4,3,3427.0,1959,0,1.85,7.2,0,Oakwood,292102.0
1167.0,2,1,5509.0,1950,2,6.61,4.1,0,Oakwood,177253.0
2520.0,6,4,7356.0,2010,2,2.69,8.9,0,Riverside,509360.0
1722.0,3,3,4349.0,2000,1,4.72,7.0,0,Downtown,418540.0
450.0,2,1,6193.0,1993,3,4.01,7.7,1,Downtown,208664.0
2351.0,3,2,3243.0,1945,1,2.88,8.3,0,Riverside,412616.0
1452.0,3,2,10093.0,2009,1,7.61,8.0,1,Downtown,388609.0
1741.0,4,3,4856.0,1972,2,12.92,6.3,0,Maple Grove,316262.0
2016.0,3,1,6101.0,1964,0,0.2,7.7,0,Maple Grove,309671.0
1924.0,4,3,1857.0,1992,2,16.27,3.6,0,Riverside,326738.0
2261.0,6,4,2992.0,2016,2,4.3,7.1,0,Hillcrest,476200.0
1517.0,1,1,8942.0,2009,3,7.24,9.3,0,Oakwood,288578.0
2134.0,5,4,4316.0,1995,3,11.61,5.4,0,Riverside,334716.0
1631.0,1,1,3336.0,1987,1,3.78,8.0,0,Oakwood,299027.0
2280.0,4,4,2310.0,1993,2,10.81,9.3,0,Oakwood,389390.0
2200.0,6,5,9998.0,1969,0,1.17,7.6,0,Downtown,523995.0
1192.0,2,2,7802.0,2018,1,1.04,8.1,0,Hillcrest,320189.0
2506.0,4,3,7545.0,2020,0,6.43,4.0,0,Hillcrest,435527.0
1452.0,3,2,11959.0,1985,1,12.25,5.0,0,Oakwood,238293.0
2325.0,6,5,4629.0,2015,3,13.38,8.8,1,Oakwood,457514.0
2039.0,3,2,2442.0,2008,1,6.19,8.0,0,Oakwood,360393.0
2995.0,5,3,5676.0,2005,2,4.47,7.3,0,Oakwood,494063.0
1655.0,5,3,13095.0,1956,2,2.42,6.1,0,Maple Grove,325446.0
1573.0,5,4,5737.0,2013,2,23.47,7.0,0,Hillcrest,328754.0
1787.0,3,2,9628.0,1958,3,2.31,9.3,1,Maple Grove,392417.0
1603.0,2,2,2498.0,1978,1,8.18,6.3,0,Hillcrest,346106.0
2320.0,6,4,3631.0,1992,2,4.56,7.6,0,Oakwood,410377.0
749.0,3,2,8677.0,2005,2,5.63,7.6,1,Oakwood,210962.0
1115.0,3,2,6037.0,1979,0,3.0,5.4,0,Downtown,256007.0
1106.0,2,1,5235.0,2009,2,20.08,5.6,0,Oakwood,182047.0
2418.0,5,4,9562.0,2003,2,5.09,8.9,1,Maple Grove,497396.0
2912.0,6,5,8619.0,1980,0,16.66,7.4,0,Downtown,606558.0
1732.0,4,2,6121.0,1963,0,0.2,5.4,0,Oakwood,304209.0
1690.0,5,4,1130.0,1986,1,5.1,6.0,0,Hillcrest,369952.0
1846.0,4,2,5553.0,2013,2,7.58,4.9,1,Maple Grove,341829.0
2555.0,4,3,6883.0,1963,2,8.2,8.2,0,Oakwood,406291.0
1197.0,3,2,1888.0,1983,2,14.12,6.1,0,Hillcrest,248714.0
1955.0,4,4,6765.0,2013,2,0.2,6.1,0,Riverside,396822.0
2434.0,5,4,9779.0,1996,3,0.2,7.8,1,Downtown,636964.0
2126.0,5,3,5547.0,1956,2,3.83,3.8,0,Riverside,355562.0
1923.0,3,1,3124.0,1991,2,0.2,6.4,1,Riverside,389994.0
2451.0,5,4,1232.0,2020,2,22.02,6.5,0,Downtown,503069.0
450.0,1,1,6833.0,1980,2,1.51,6.0,0,Oakwood,129113.0
2241.0,3,2,2037.0,2007,2,3.84,5.6,0,Hillcrest,447686.0
1375.0,3,2,7514.0,2020,3,0.38,5.4,1,Maple Grove,287851.0
610.0,3,3,12779.0,1995,3,4.43,7.0,0,Riverside,226610.0
2132.0,3,2,3725.0,1987,0,2.87,4.9,0,Hillcrest,388046.0
2693.0,5,4,4920.0,1978,0,0.27,6.8,1,Downtown,628999.0
1711.0,4,2,13145.0,1993,3,2.45,5.6,0,Riverside,315514.0
2419.0,5,3,5900.0,1962,1,2.98,5.7,0,Hillcrest,471821.0
2848.0,6,4,4340.0,2005,3,27.58,6.8,0,Downtown,606869.0
2655.0,4,3,9093.0,2001,1,1.4,5.7,0,Downtown,577468.0
2866.0,6,4,4469.0,1949,0,4.72,8.5,1,Maple Grove,516705.0
2282.0,4,3,3589.0,1968,0,26.2,6.3,1,Downtown,467774.0
1849.0,2,2,7456.0,2008,1,9.42,8.2,0,Maple Grove,339899.0
759.0,2,1,9458.0,2003,1,30.09,5.3,0,Downtown,132938.0
1640.0,4,3,1000.0,1982,2,20.71,5.2,0,Riverside,285412.0
1252.0,3,2,3574.0,1977,2,4.03,3.8,0,Downtown,250033.0
3211.0,7,5,6152.0,1954,3,7.15,5.7,0,Riverside,561938.0
1686.0,4,3,5035.0,1981,2,0.7,6.1,0,Downtown,415682.0
1880.0,4,3,5466.0,1955,2,3.49,6.6,0,Hillcrest,362417.0
2158.0,5,5,3142.0,1968,2,9.93,7.6,0,Downtown,527397.0
1828.0,3,2,7743.0,2015,2,4.22,7.5,0,Riverside,394033.0
2902.0,7,5,11422.0,1965,2,7.28,8.3,1,Downtown,695887.0
1395.0,3,2,3529.0,1964,0,8.22,5.1,0,Riverside,270838.0
1926.0,4,3,7740.0,1954,0,1.75,6.5,0,Hillcrest,415750.0
1317.0,2,2,8989.0,1991,0,12.51,4.9,0,Hillcrest,246233.0
942.0,2,2,6129.0,1991,0,3.7,7.2,1,Maple Grove,185999.0
1402.0,2,3,7575.0,1959,2,1.42,9.4,0,Riverside,307060.0
1776.0,3,1,3759.0,1988,1,12.03,4.6,0,Downtown,331373.0
1521.0,2,2,11102.0,2006,3,3.25,7.6,0,Downtown,415097.0
1350.0,2,1,9494.0,1950,3,8.33,8.2,0,Maple Grove,261630.0
886.0,3,2,10034.0,2010,3,4.76,5.1,1,Hillcrest,220970.0
1746.0,5,3,2840.0,2020,3,2.89,7.2,0,Riverside,402618.0
822.0,3,2,7096.0,1948,1,9.96,5.9,0,Oakwood,178202.0
2294.0,4,4,3913.0,1967,2,5.27,6.3,0,Hillcrest,498844.0
1854.0,4,3,11575.0,1957,1,2.97,5.9,0,Hillcrest,364101.0
853.0,1,1,,1975,2,0.7,6.1,0,Maple Grove,190748.0
1599.0,3,3,6257.0,1960,3,13.55,8.3,0,Riverside,293760.0
1311.0,2,1,1560.0,1985,3,0.22,6.4,0,Maple Grove,305047.0
2007.0,5,3,6240.0,1945,2,11.93,5.5,0,Riverside,349445.0
2671.0,5,3,2860.0,1956,2,2.68,6.6,0,Maple Grove,452003.0
581.0,2,1,7280.0,2000,0,6.12,3.1,0,Maple Grove,97011.0
1875.0,4,3,5114.0,1994,0,15.32,5.2,0,Hillcrest,357164.0
1696.0,5,4,,1964,2,0.99,8.5,0,Hillcrest,423242.0
2236.0,3,2,,2010,2,5.02,6.3,0,Riverside,388856.0
1939.0,5,3,15138.0,1980,3,8.67,5.7,0,Riverside,410015.0
1311.0,4,3,2380.0,1982,0,8.5,6.8,1,Riverside,288583.0
1593.0,2,2,4619.0,1966,3,4.47,7.7,0,Riverside,352340.0
1283.0,3,3,8357.0,2005,2,5.88,8.6,1,Downtown,421909.0
2499.0,5,3,6681.0,1994,2,8.5,5.8,0,Riverside,450816.0
1814.0,3,2,8127.0,2003,2,11.03,5.8,0,Maple Grove,337891.0
1664.0,3,2,4211.0,2000,2,8.51,,0,Downtown,366195.0
1976.0,4,4,9858.0,1971,1,2.61,6.3,0,Hillcrest,469790.0
1982.0,3,3,10008.0,1967,2,3.21,6.2,0,Hillcrest,425074.0
1754.0,4,3,5004.0,2013,2,6.48,4.4,0,Hillcrest,362278.0
1357.0,2,1,5689.0,1946,2,9.63,,0,Hillcrest,280785.0
1510.0,4,3,6622.0,1951,2,3.07,8.4,0,Maple Grove,279393.0
2016.0,3,1,6101.0,1964,0,0.2,7.7,0,Maple Grove,309671.0
2760.0,5,3,4290.0,1992,0,2.89,5.5,0,Maple Grove,465534.0
2776.0,6,5,5766.0,1966,1,4.04,4.7,0,Riverside,484356.0
1455.0,3,2,8753.0,1978,3,0.2,9.3,1,Maple Grove,360250.0
2040.0,4,3,6441.0,1997,2,6.85,4.6,0,Riverside,377768.0
1083.0,3,2,9756.0,2009,2,0.2,7.6,0,Oakwood,251994.0
1026.0,3,2,2228.0,2017,1,1.53,9.3,1,Maple Grove,289794.0
1521.0,2,1,7648.0,1997,1,12.08,8.2,0,Riverside,322733.0
2627.0,6,5,1464.0,2002,2,0.45,8.1,0,Riverside,527864.0
